user_id,n_visits,n_hubs,noise_ratio,hub1_share,hub2_share,hub1_size,hub2_size,hub_dist_km,travel_range_km,type
-0MIp6WKJ8QvGnYZQ5ETyg,19,4,0.21052631578947367,0.4,0.2,6,3,18.819036384732875,1.1269443585793262,explorer
-1VbC_BSr9ai4drsuCCJxA,7,1,0.42857142857142855,1.0,0.0,4,0,,0.5981485991285074,one_area
-6DoXmdXEy_P5N-QZzntgA,12,1,0.5,1.0,0.0,6,0,,0.4348292286657076,one_area
-6cPEM5jtb6A2M6mggn47g,10,1,0.0,1.0,0.0,10,0,,0.6710078999350269,one_area
-8lbUNlXVSoXqaRRiHiSNg,9,2,0.1111111111111111,0.625,0.375,5,3,14.67642871059205,0.30276548925482627,explorer
-DLVCiMg_uM0ihm8PcHWcw,7,1,0.0,1.0,0.0,7,0,,0.7099032074235284,one_area
-EYAh6B8abzsq8ld_XGoRw,12,1,0.5833333333333334,1.0,0.0,5,0,,2.751658813833806,one_area
-Hm4V0KMXftGms0O-uHZiw,5,1,0.4,1.0,0.0,3,0,,1.4646796148671495,one_area
-MiV-B9p4rO652My4HjYlA,5,1,0.4,1.0,0.0,3,0,,0.40311587175516955,one_area
-PR-NbnExaqupp8rJRHB8g,5,0,1.0,0.0,0.0,0,0,,,explorer
-Q-PQD7nZ1dhADQTYwlsOA,14,2,0.35714285714285715,0.6666666666666666,0.3333333333333333,6,3,22.48400293140664,2.2908305543848426,explorer
-QmEKJ_CzZnT9biZHddfZQ,106,1,0.009433962264150943,1.0,0.0,105,0,,1.792940166673011,one_area
-TQmf01XtBe5jOkHb84WPA,10,1,0.3,1.0,0.0,7,0,,2.0797682765199705,one_area
-YXBkT3IAz1tUNKLtmvx0A,9,2,0.0,0.6666666666666666,0.3333333333333333,6,3,754.5350030842881,0.8499058116030438,explorer
-ZQK7CcOHeMwsoG7qKBGkA,8,1,0.5,1.0,0.0,4,0,,1.4188029775217443,one_area
-_yn1IOKetBJuPxfK6u8IA,56,1,0.07142857142857142,1.0,0.0,52,0,,2.6518409870461452,one_area
-a3lBj2ulBxrIwZf4zdMTA,5,1,0.0,1.0,0.0,5,0,,1.4201534470954973,one_area
-j1-ixhH0IhAlBXwdjpBug,6,1,0.5,1.0,0.0,3,0,,0.09876399864019741,one_area
-l0-k3ezghmIHCtCnrTdLA,21,1,0.14285714285714285,1.0,0.0,18,0,,3.072976625420827,one_area
-l1bn8D8iZ0n9Q0PgIDGBA,15,2,0.26666666666666666,0.6363636363636364,0.36363636363636365,7,4,3949.1185744986215,1.3344318179951902,explorer
-mU1Bd61e_LQ38IKgd3i5Q,10,1,0.2,1.0,0.0,8,0,,2.657670846659977,one_area
-pUJtDKDeYYBa7ZoyJFBMw,33,1,0.09090909090909091,1.0,0.0,30,0,,3.0563368514122615,one_area
-psFb4sFsOm0oRLY2Kye0A,28,2,0.10714285714285714,0.56,0.44,14,11,25.720816159723324,3.2101390836537957,two_area
-vZrPZX54a1m-hqAKMTTWg,5,1,0.4,1.0,0.0,3,0,,1.1529553694351655,one_area
-yQw7ugqK6j81yQSpI0BJQ,5,1,0.2,1.0,0.0,4,0,,0.13692381100698392,one_area
0-VeqEryJUgtML9lSqvKMQ,6,1,0.3333333333333333,1.0,0.0,4,0,,1.779610360082498,one_area
01uDjmkqP32bTkCHuWIKBA,7,1,0.42857142857142855,1.0,0.0,4,0,,2.5187560501026836,one_area
02hZ8ZzZ1wJHFE1_fPuOwA,8,1,0.625,1.0,0.0,3,0,,4.446019001318114,one_area
07ZgihuH-9Ih5dyI9hxRvw,6,1,0.16666666666666666,1.0,0.0,5,0,,0.5797061560144839,one_area
0JpB9eEFeKER7UfY8dhxQA,5,0,1.0,0.0,0.0,0,0,,,explorer
0NRrwhCDOv3jK2ZcKBnpQg,6,1,0.0,1.0,0.0,6,0,,0.7264070793698603,one_area
0P3MgBcGzj-LtQA3lQXghw,5,1,0.2,1.0,0.0,4,0,,1.7303090936617818,one_area
0QzRChUjM48JQarMb9t7ig,9,1,0.6666666666666666,1.0,0.0,3,0,,0.14842118378966876,one_area
0SW6-0e8NXaLPyMiUMWlgw,15,1,0.26666666666666666,1.0,0.0,11,0,,3.6821573148315236,one_area
0Tcj5uCoc6y1xRIw2sIUnQ,5,1,0.0,1.0,0.0,5,0,,1.8704328413089124,one_area
0W86OPpGSTzjo6nUuUNWQQ,12,1,0.3333333333333333,1.0,0.0,8,0,,2.710973443556406,one_area
0eAE3nci8RZRAjgg5mIEUQ,6,1,0.5,1.0,0.0,3,0,,1.2355974867332689,one_area
0fW-YQvz2iC113CRl9xOrQ,12,1,0.08333333333333333,1.0,0.0,11,0,,3.892332890975272,one_area
0juMoWXC7z4c7LgQP2s3sA,58,4,0.13793103448275862,0.72,0.12,36,6,48.537485062441306,4.489274797714047,explorer
0lMv7mbe73ZqF3OvjrZkyQ,7,1,0.2857142857142857,1.0,0.0,5,0,,2.4930448868841073,one_area
0oBj63QKATcyxa6PLAVgoA,6,1,0.16666666666666666,1.0,0.0,5,0,,0.4444038889089754,one_area
0oCP58mpEC2myGlDaRqqIw,5,1,0.4,1.0,0.0,3,0,,0.41504506389105467,one_area
0rHReikDIqL2jZsQJTR5LA,5,0,1.0,0.0,0.0,0,0,,,explorer
1-oaItKi4vz-z2dF7S2oNw,9,1,0.3333333333333333,1.0,0.0,6,0,,2.431213212004879,one_area
10FMZoatpQvFO4_jXgVcdQ,15,1,0.13333333333333333,1.0,0.0,13,0,,1.5275268528674373,one_area
10Gvgz8QBwZmZigxPv6szw,9,1,0.2222222222222222,1.0,0.0,7,0,,1.2605549096286834,one_area
12icG6GeSG6qWnHspF0tHQ,57,2,0.03508771929824561,0.9272727272727272,0.07272727272727272,51,4,18.353229672673397,5.277267996025052,explorer
13PmeqpB9nUZNBYngvMj2g,7,1,0.14285714285714285,1.0,0.0,6,0,,4.4308258693700875,one_area
15G6wy_y65sIwQkB1vwvXA,6,0,1.0,0.0,0.0,0,0,,,explorer
167omeb1w3nnsgG_XsNJYA,7,1,0.14285714285714285,1.0,0.0,6,0,,0.21205537620178924,one_area
16c91F4TZSA_WjO4XmsBMg,36,1,0.1111111111111111,1.0,0.0,32,0,,0.6529751424856896,one_area
1OsvnngVv7faatPCykZcjA,7,1,0.2857142857142857,1.0,0.0,5,0,,2.001114305580126,one_area
1PDpJNO1t-BsPZWM6zperQ,5,1,0.4,1.0,0.0,3,0,,1.2191274128256118,one_area
1PEpIGgb2dJO120MEfPbIg,18,2,0.1111111111111111,0.75,0.25,12,4,14.337939618977549,0.6411780378555296,explorer
1Xx0GXRCFEPMc8GWVR-WRA,6,1,0.5,1.0,0.0,3,0,,1.9897370799603105,one_area
1ZLJs1J-eYuSL9V9cjClNA,6,1,0.16666666666666666,1.0,0.0,5,0,,0.2593794400481402,one_area
1_ereNz73hcAbYill07O4g,5,1,0.0,1.0,0.0,5,0,,1.9467823691155972,one_area
1deDzlWUCW8JUhODGBbB5w,18,1,0.1111111111111111,1.0,0.0,16,0,,2.9882384943684634,one_area
1ip4bTJgXwbNBSVsyS3E8A,5,1,0.4,1.0,0.0,3,0,,1.7880320616501217,one_area
1kCh5bef88kJuEROh_x0qg,7,1,0.0,1.0,0.0,7,0,,1.6174640483116638,one_area
1oyOCpBY-oFIfc_HQFSMvQ,5,0,1.0,0.0,0.0,0,0,,,explorer
1pCMgUubbT55bEi2_xw0gQ,6,1,0.16666666666666666,1.0,0.0,5,0,,0.5313253762158789,one_area
1r-qp5xs_YDnWd9uASN2Zw,5,0,1.0,0.0,0.0,0,0,,,explorer
1s00HiDgj8kTyF4BWUAhRg,10,2,0.1,0.5555555555555556,0.4444444444444444,5,4,9.458992546939054,2.3904563078619407,explorer
1toLeDRKxW72eybEI_Lz2Q,13,1,0.46153846153846156,1.0,0.0,7,0,,1.1038836435084813,one_area
2-iZ3lifB5gGWcpP6EgCCw,7,1,0.42857142857142855,1.0,0.0,4,0,,2.663741880274968,one_area
2DbgNul5tT2QSIZnS0V_RQ,5,0,1.0,0.0,0.0,0,0,,,explorer
2E2NzYDjIk7dL3TcOl1NxA,6,1,0.3333333333333333,1.0,0.0,4,0,,1.8765345369791961,one_area
2FY3ETpGCbFPOOHmCGSXig,14,1,0.5714285714285714,1.0,0.0,6,0,,2.9489961358262886,one_area
2Hdot8bpjmvtBLLZWXOPMQ,11,2,0.0,0.5454545454545454,0.45454545454545453,6,5,30.097566050753137,0.711425166794654,two_area
2Ij6ZjcsarLIOWNfgmVKcw,12,1,0.0,1.0,0.0,12,0,,1.6667752172094936,one_area
2JfNOO7Cv5eTVOTeIYKkaQ,9,1,0.0,1.0,0.0,9,0,,3.5956142111421827,one_area
2LINyz4Yl7aFlkInyL0KvA,8,1,0.125,1.0,0.0,7,0,,1.4721320058489737,one_area
2MZ7wSCTQtxEAYCvVueTag,12,1,0.25,1.0,0.0,9,0,,2.885231379047432,one_area
2YhDjr0PcilkN_dcp16R6Q,5,1,0.0,1.0,0.0,5,0,,2.1303089384039895,one_area
2a-J1TbyFZKcAJ1Ap5MUrw,6,1,0.0,1.0,0.0,6,0,,1.4632123380076856,one_area
2a9uyq3zsX5RIxG_jtpM4Q,149,3,0.053691275167785234,0.8794326241134752,0.07092198581560284,124,10,13.505734914268718,1.2420323350638682,explorer
2aqjbuRVv5iyvJP8dUCWTw,5,0,1.0,0.0,0.0,0,0,,,explorer
2db7UH7qOD35M__0wZKt4w,13,2,0.07692307692307693,0.6666666666666666,0.3333333333333333,8,4,1750.7079488701538,0.4957299349828636,explorer
2i89rpEFc6_dqhdWmXtMaQ,15,2,0.26666666666666666,0.5454545454545454,0.45454545454545453,6,5,21.84858971545477,4.430034473294674,two_area
2lEyb6TyMTaB8IFV62sCAA,6,1,0.3333333333333333,1.0,0.0,4,0,,0.8947304555681532,one_area
2nnCLoNSBITdQjXaBdLIdA,10,1,0.6,1.0,0.0,4,0,,3.4591778947161425,one_area
2pIVRpHric00N2HCHmKV9w,5,1,0.0,1.0,0.0,5,0,,0.15066586137743584,one_area
2tIN9jTDxEoF-gSRSnUkPw,7,1,0.0,1.0,0.0,7,0,,1.067308929999161,one_area
2wvdpjLgbY4RvOoDrJ1tEA,7,1,0.14285714285714285,1.0,0.0,6,0,,1.9409554312635384,one_area
30F5TB8825KDsfVrnQTKsw,10,2,0.4,0.5,0.5,3,3,42.972066471054184,0.0,explorer
328rVFXP8uJQjh8vy7HZ4Q,13,1,0.46153846153846156,1.0,0.0,7,0,,1.1517983329916057,one_area
32EIO-AvcxA5WBTVZWdW1A,12,2,0.25,0.5555555555555556,0.4444444444444444,5,4,11.631202038370944,1.1638475244330162,explorer
3CSPAKNl9RqZm0I-ZN7IvQ,24,2,0.4166666666666667,0.6428571428571429,0.35714285714285715,9,5,18.874787983147396,3.1819887788179555,two_area
3Cj25SsNE1ZuaWX75Xr4rA,11,1,0.5454545454545454,1.0,0.0,5,0,,0.20991970380101382,one_area
3DWDH5MJbfS1g_MXmNbf4w,10,1,0.5,1.0,0.0,5,0,,2.0137345075509607,one_area
3JcNV0lGNwk4eQzVT1rF8Q,8,1,0.125,1.0,0.0,7,0,,0.6001930779012826,one_area
3MjgnP15DVSFer9SFI3Bkw,6,1,0.0,1.0,0.0,6,0,,2.576177216591505,one_area
3RqYAJfEJDxIpX3xjnCmLw,87,3,0.011494252873563218,0.9069767441860465,0.046511627906976744,78,4,1493.3115118114977,0.6341033001094845,explorer
3Z04sdgq22PYtrNswSfz6g,16,2,0.3125,0.6363636363636364,0.36363636363636365,7,4,31.17715199182417,1.1822599797889501,explorer
3aDmSX1qvq49rqcJQlywnw,25,1,0.12,1.0,0.0,22,0,,3.0649467417950245,one_area
3bIbqh4KqGx4fRaccLjThA,22,1,0.0,1.0,0.0,22,0,,6.382094058004026,one_area
3dOD4idb5GqLLsDsReaFeQ,5,0,1.0,0.0,0.0,0,0,,,explorer
3edsm9Faeg3JoPVC7AJ0HA,27,1,0.18518518518518517,1.0,0.0,22,0,,1.0402315042635775,one_area
3fEC7SxwGoUH4yWny_x4og,9,1,0.2222222222222222,1.0,0.0,7,0,,1.5256092993719048,one_area
3jLOQJHkRk-qQARirCByYQ,22,2,0.5454545454545454,0.5,0.5,5,5,43.02289292614499,0.6325990482723312,two_area
3lx4zwjar1Tsdvd4HCo4jg,10,1,0.1,1.0,0.0,9,0,,3.5321112701499797,one_area
3uNaBdaSDghV4mWN1WWWCw,29,1,0.06896551724137931,1.0,0.0,27,0,,5.591402959625081,one_area
3yTBmOgMBYNmFXe1PNSssw,11,2,0.18181818181818182,0.5555555555555556,0.4444444444444444,5,4,6.022622604894505,1.1864162410824974,explorer
41MkK8zdg__ryOQnzzuSlw,5,1,0.4,1.0,0.0,3,0,,0.5354540372382022,one_area
47TuxUy9UQkVivfoqqLAKQ,5,0,1.0,0.0,0.0,0,0,,,explorer
48E8klZrUJZw0BlNzXolNQ,5,0,1.0,0.0,0.0,0,0,,,explorer
4LEgzB8iCt-ELL8RkOyxVg,15,3,0.26666666666666666,0.36363636363636365,0.36363636363636365,4,4,41.36233680075129,0.8897237292372648,explorer
4MUAGuqUKJtHPn1rOoXdtg,10,1,0.2,1.0,0.0,8,0,,2.664717155269069,one_area
4OcTMOPBwY-IET2Qi6e9GA,11,1,0.0,1.0,0.0,11,0,,3.657419748626497,one_area
4QnCNzp1jpMPaS0AnjYBLg,11,1,0.09090909090909091,1.0,0.0,10,0,,4.573975999384876,one_area
4TWxEoflOQB-0BIxD_PsYw,5,1,0.2,1.0,0.0,4,0,,0.9392831298177704,one_area
4UwB9p2W1JV2wrkXPWXwwQ,7,1,0.0,1.0,0.0,7,0,,1.0006455176913267,one_area
4XAigL1jG_J1ZwC9Hu6ZQg,23,2,0.08695652173913043,0.8571428571428571,0.14285714285714285,18,3,8.072438168937815,2.6787085753395616,explorer
4YHpWfw2_0mFuEset7pLfA,17,2,0.4117647058823529,0.7,0.3,7,3,439.1053646282886,1.5634756135381993,explorer
4kLNVonQ7k4bAwtL4leRbw,8,1,0.0,1.0,0.0,8,0,,0.43100756520775396,one_area
4ncqeCTfDWRd-8SUVcDvSg,7,1,0.42857142857142855,1.0,0.0,4,0,,2.9517015055211635,one_area
4tvekNNUXGGbStdhwJOM_A,12,2,0.0,0.75,0.25,9,3,6.7302000833649975,3.1954886961077293,explorer
4urNhVtE0u0Eq9djxQqOMA,5,1,0.4,1.0,0.0,3,0,,0.3055077139857187,one_area
4v9Wc4MX0A6HHGfkghbhZg,47,1,0.0425531914893617,1.0,0.0,45,0,,10.911429553311608,one_area
4x2YP5HRi4z1mSI29YC_Ug,7,1,0.2857142857142857,1.0,0.0,5,0,,0.7564870919320098,one_area
4yhFQ41Ju_QrEEyR-bnAZA,5,1,0.0,1.0,0.0,5,0,,1.4410950337155135,one_area
505f6LjP1Y_ofO29BuIn0A,5,1,0.4,1.0,0.0,3,0,,1.0064784310920543,one_area
50rxO0T8Z_5azw-V3dJLpg,9,1,0.2222222222222222,1.0,0.0,7,0,,1.5696570057515253,one_area
51J0DDJS22fKeYWrxA56qA,5,0,1.0,0.0,0.0,0,0,,,explorer
51Mzh0f6vH0-ZiXj9jFVhw,10,2,0.2,0.625,0.375,5,3,26.679703714213034,2.131610930805754,explorer
53-0CIUo-pd5ysfvHXb2yQ,5,1,0.0,1.0,0.0,5,0,,0.33720802855173226,one_area
56QSLA3M13Xk1YQ0pXa5tg,64,1,0.0,1.0,0.0,64,0,,1.6839804143500987,one_area
57isKa2QYAhBmSw0phrRDg,6,1,0.5,1.0,0.0,3,0,,0.8862017282689557,one_area
5CHSYIv5X8ybaA0LndWaEQ,5,1,0.0,1.0,0.0,5,0,,2.109962582801739,one_area
5DL6Gx3zdZb8YXtlpFhmkw,11,1,0.2727272727272727,1.0,0.0,8,0,,1.4946387679016504,one_area
5FYEtbk8dSSp63LA7fu1Lw,6,1,0.5,1.0,0.0,3,0,,2.9464829460270248,one_area
5Fjs7GKqFu1Feg6-RufCuA,47,2,0.02127659574468085,0.9347826086956522,0.06521739130434782,43,3,12.559870625856242,0.9557748287836316,explorer
5Fwg3IQNXb_VRwC6revvpg,12,2,0.16666666666666666,0.5,0.5,5,5,8.26536168444032,3.114551577438131,two_area
5G6P9ctMoLtkOe9jRTSONw,6,1,0.16666666666666666,1.0,0.0,5,0,,0.24089152501552555,one_area
5K0fBWj5bek3vGU3Svf61Q,7,1,0.2857142857142857,1.0,0.0,5,0,,0.20717343334960125,one_area
5ORHA1uWD3GxWq5DlEZU7g,6,1,0.16666666666666666,1.0,0.0,5,0,,2.4882920270077276,one_area
5P62O12MbDoeyIID4Kyrng,8,2,0.125,0.5714285714285714,0.42857142857142855,4,3,753.8160920827402,0.49345517537113576,explorer
5Sa5eBLh--gQ740BUPETtA,8,1,0.375,1.0,0.0,5,0,,0.3990222412382601,one_area
5VRu5uB7ORo0mUYKpGYz2w,6,1,0.16666666666666666,1.0,0.0,5,0,,3.1542278791316187,one_area
5_Lyyx0QxzBWes-rWX2qWw,25,3,0.0,0.72,0.16,18,4,10.415254450160978,3.802623806323541,explorer
5fyBgjLIT-Tt6rXIb9QllQ,11,1,0.7272727272727273,1.0,0.0,3,0,,1.6589666937210863,one_area
5hMjGLu-QXyHVmRx4SIi0Q,6,0,1.0,0.0,0.0,0,0,,,explorer
5pz-aXTubStlIgjp28Rdaw,8,1,0.375,1.0,0.0,5,0,,1.0489703623575761,one_area
5uhZbK8Fu_VD71zzwtVQ_Q,11,1,0.0,1.0,0.0,11,0,,0.427271419034477,one_area
5uthbpu4AkVeFfNBIPBjZA,5,1,0.2,1.0,0.0,4,0,,0.6447554035000946,one_area
5yZr0ZOYqPykAXWTNHS4Sw,110,3,0.01818181818181818,0.5925925925925926,0.37962962962962965,64,41,12.833436475186172,7.171866284604726,explorer
65ImPKzTM8FDDLEScDjVFw,5,1,0.0,1.0,0.0,5,0,,1.0265502211412794,one_area
68963__E9ipbuaEKjEkfRQ,6,1,0.16666666666666666,1.0,0.0,5,0,,3.2232549261859647,one_area
6C8Ne6yRu6TzBLbhfhdduw,138,1,0.021739130434782608,1.0,0.0,135,0,,1.479790152553356,one_area
6DZZO3lH_u6riY9PxAmF7g,8,1,0.5,1.0,0.0,4,0,,1.1830781471094673,one_area
6HCyMWzgRYexwGCNWbLlFg,7,0,1.0,0.0,0.0,0,0,,,explorer
6I5oZmEkXEzJiVGyrqecTw,8,1,0.625,1.0,0.0,3,0,,2.0938123642718716,one_area
6Nbc29KSLuses46gGiQmNw,6,1,0.0,1.0,0.0,6,0,,0.9220411732730744,one_area
6OfZD5jh5VdKu0iesOiggA,42,4,0.14285714285714285,0.4444444444444444,0.2777777777777778,16,10,15.631659333047638,3.9264117973176287,explorer
6Tbarl0uObmmhRpTagSHeA,6,1,0.0,1.0,0.0,6,0,,1.753477473660627,one_area
6ULWXgDTwp-d91927AcnbQ,7,1,0.0,1.0,0.0,7,0,,0.8668216822926846,one_area
6VEL7i246NsaHu4T_1WTvA,13,2,0.23076923076923078,0.7,0.3,7,3,10.737685128567492,0.6824473252734138,explorer
6WxhaJVulNUUsNZJ7waaGw,48,2,0.14583333333333334,0.9024390243902439,0.0975609756097561,37,4,4.447141359922945,6.1116222819116155,explorer
6eCRJd8XL94hVBZyOS5Cgg,8,1,0.625,1.0,0.0,3,0,,1.8807801439432443,one_area
6fLYq0zPb46LTl4i5R6QdQ,7,1,0.0,1.0,0.0,7,0,,1.385545753449057,one_area
6icu2w2Llljakm5CrOYoVg,25,2,0.32,0.8235294117647058,0.17647058823529413,14,3,15.645070644215101,0.9353884008029908,explorer
6mFXqES400I4b4tpEuCSwg,40,1,0.075,1.0,0.0,37,0,,4.746537127027613,one_area
6pIs1ACiUCAMN5QlV-hhjQ,11,1,0.7272727272727273,1.0,0.0,3,0,,1.8409241461431587,one_area
6q-QDrPQSjbE3qpWazjphg,9,1,0.0,1.0,0.0,9,0,,2.760455350593245,one_area
7-yZhJfvsUC7ru2H6h965Q,5,1,0.4,1.0,0.0,3,0,,0.1377793284706616,one_area
73xRtTbE-vw07Nufyp5twg,11,1,0.2727272727272727,1.0,0.0,8,0,,1.049416242974226,one_area
79xmVhmZTwEfkKd2K9cBcA,6,1,0.3333333333333333,1.0,0.0,4,0,,2.3876254513410013,one_area
7D8Nkcb6ujJCGIBkQ93Nhw,8,2,0.125,0.5714285714285714,0.42857142857142855,4,3,964.5983789464894,0.34785020003978384,explorer
7Eq71a1cwHZ-T-k9pusdlw,17,1,0.0,1.0,0.0,17,0,,0.7960212641633823,one_area
7J-yjbrIkrtsEh1J41a6dA,23,1,0.0,1.0,0.0,23,0,,3.7722752952283414,one_area
7MneXFWqHcdcNNFBz52OkQ,6,0,1.0,0.0,0.0,0,0,,,explorer
7PX0tBKF2SEXZL8nfkoz6A,6,2,0.0,0.5,0.5,3,3,21.327262842935482,1.325405330257048,explorer
7PZ3zf7imfiqU-Dyau5JOA,22,2,0.0,0.8181818181818182,0.18181818181818182,18,4,10.616384640348322,3.6886284646373517,explorer
7YXyZp00JU_PjSyLCDpITg,5,1,0.4,1.0,0.0,3,0,,0.8942868548347745,one_area
7_bkOv2-rqxI_IxoxO7fcw,5,1,0.0,1.0,0.0,5,0,,1.3451970300075753,one_area
7a5xVAMhxn9StliGtvyVXw,13,2,0.07692307692307693,0.5833333333333334,0.4166666666666667,7,5,35.653630522392554,1.0347481801075389,two_area
7dG76pMZyJ_450sDpomwQg,26,3,0.3076923076923077,0.5,0.3333333333333333,9,6,18.672158792237095,2.179407894052997,explorer
7ihniF9YdlXsObIYPHZ9Zg,5,1,0.0,1.0,0.0,5,0,,1.4378936676211247,one_area
7lQr595yf07nYmgQ-DChgA,11,1,0.18181818181818182,1.0,0.0,9,0,,0.6031808317179433,one_area
7uOr2_NMoIUJDzTgicmbLw,6,1,0.3333333333333333,1.0,0.0,4,0,,1.0098829183347275,one_area
7yA1eM8IyKFa8zJxQfUFng,83,10,0.39759036144578314,0.18,0.16,9,8,1750.0803045136652,2.3308742097930133,explorer
83kydCNDNi5cQuh3ILLVvg,32,2,0.0625,0.7666666666666667,0.23333333333333334,23,7,11.605378983791882,4.721382092881024,two_area
864qGKT31izMD-uEONbqLQ,5,0,1.0,0.0,0.0,0,0,,,explorer
86UlfAuehJBlAm06GXzBFA,9,1,0.2222222222222222,1.0,0.0,7,0,,0.610376479411197,one_area
86fipBwL3HjJd7c_UhtpNA,8,1,0.125,1.0,0.0,7,0,,2.581573292027612,one_area
87X_fbfge3a00aD-fJwgbA,6,1,0.3333333333333333,1.0,0.0,4,0,,0.6525723809402888,one_area
8GYPLFRdSl317EgD6Ox8Pw,19,1,0.05263157894736842,1.0,0.0,18,0,,3.4906920890969726,one_area
8RRUjWq_JCojHHAHmwXpdw,23,1,0.21739130434782608,1.0,0.0,18,0,,4.019983276736687,one_area
8RgVFXrRnyy6DVBe0SVCTw,7,1,0.14285714285714285,1.0,0.0,6,0,,0.6567363037086251,one_area
8Rsk_QxsheU01ali2ar0rg,14,2,0.42857142857142855,0.625,0.375,5,3,7.296470385149592,2.7119774066831797,explorer
8S8Vn_P5wQgC3LMDI7_uZA,5,1,0.0,1.0,0.0,5,0,,2.3208075333102065,one_area
8TmB1EAteclC5vAlgEguBA,5,0,1.0,0.0,0.0,0,0,,,explorer
8WFVPJHCpaEQe9SeG8B7jg,10,1,0.5,1.0,0.0,5,0,,1.5071921401971418,one_area
8atyZ5ZHLuN7dQoWqFfQeg,11,1,0.18181818181818182,1.0,0.0,9,0,,5.270072715089771,one_area
8i44YNsLcG4QB_vYbOCdvw,40,2,0.0,0.925,0.075,37,3,9.524714529335013,1.621963454324945,explorer
8mjvoi3-CIuGGpFvIElj5g,6,1,0.5,1.0,0.0,3,0,,3.185513726508948,one_area
8oW8AgoDwIO8zObOD9IacQ,6,1,0.16666666666666666,1.0,0.0,5,0,,0.14256422179585657,one_area
8pD-h427Y_aDcPxhDR7z8g,173,1,0.06358381502890173,1.0,0.0,162,0,,1.3921870613802128,one_area
8qE3WisgXGm1nXxIBbM1Sg,10,1,0.3,1.0,0.0,7,0,,1.9497739393101767,one_area
8sN5xAOSfcqvO-If6nF7Hg,20,2,0.55,0.6666666666666666,0.3333333333333333,6,3,16.278916535695636,3.227046096904605,explorer
8xNsJ8Amji8xhaQ-3ABZ-w,21,2,0.14285714285714285,0.5555555555555556,0.4444444444444444,10,8,10.445089355853277,0.8041849263003849,two_area
90LhNTiAW-yZ-02ks5QLIw,11,1,0.0,1.0,0.0,11,0,,1.5865162336775547,one_area
96YkaD7jVs4sXXoSytxogQ,7,1,0.14285714285714285,1.0,0.0,6,0,,0.1222653127590323,one_area
9C2ztWzDKBkN1o1qtT77Tg,7,1,0.42857142857142855,1.0,0.0,4,0,,1.0356270865788195,one_area
9DiJLroN8jf1j5nxgWiBVw,5,1,0.4,1.0,0.0,3,0,,1.3174630415136306,one_area
9FGFghIFROXJC6fpORsJaA,7,1,0.2857142857142857,1.0,0.0,5,0,,0.6402628007141182,one_area
9ME52ggZxDojxENEgQTFoQ,7,1,0.14285714285714285,1.0,0.0,6,0,,0.7395767303889673,one_area
9SyeNq0ln5WvBAiawzItCQ,15,2,0.06666666666666667,0.5714285714285714,0.42857142857142855,8,6,16.736856279013875,0.2058020716708826,two_area
9Tjl8JIBdRljx2qoNVOkkA,23,4,0.21739130434782608,0.3888888888888889,0.2222222222222222,7,4,19.52644197292355,3.8052155805118106,explorer
9UTJNIyd-W9u6X_XzY_EnQ,9,1,0.2222222222222222,1.0,0.0,7,0,,4.0781674280769575,one_area
9eqmrvVdTqIAtVnP4uErag,18,3,0.05555555555555555,0.47058823529411764,0.35294117647058826,8,6,3304.72125906136,1.4048797961388808,explorer
9f5NZKt5ca05plBaJK8dbw,7,1,0.14285714285714285,1.0,0.0,6,0,,1.897869502154132,one_area
9jxdX438tkiuCEwpzojeVg,5,0,1.0,0.0,0.0,0,0,,,explorer
9lmop9S70gBd8-xMeokSsQ,7,1,0.42857142857142855,1.0,0.0,4,0,,0.2967701720336081,one_area
9q8qKP-k3eDS1b19ozh_dg,28,1,0.0,1.0,0.0,28,0,,1.4152652584249825,one_area
9rQ-1w3XcC4iPLZhdFpEoQ,15,1,0.0,1.0,0.0,15,0,,2.445330112373815,one_area
9uQZSsw1fxAW7sfa-uCNQA,7,1,0.2857142857142857,1.0,0.0,5,0,,1.1205031074634233,one_area
9ukBi_EHvEYMKfKJaXsCCQ,5,1,0.2,1.0,0.0,4,0,,0.24981384042671778,one_area
A-Q8B87FqO4Ym6PW4w-a4w,6,1,0.5,1.0,0.0,3,0,,0.282520240088584,one_area
A7CIyRrCic7392kihfO9cw,34,3,0.08823529411764706,0.8064516129032258,0.0967741935483871,25,3,8.790765883087985,4.464725914322495,explorer
A9tUlN3vJBxIIKSUAgIPAg,13,2,0.46153846153846156,0.5714285714285714,0.42857142857142855,4,3,13.221801905758827,0.5858879017995321,explorer
AL56au5XO_CpxIUG9itlRQ,9,0,1.0,0.0,0.0,0,0,,,explorer
APTXbNi0z1rndLT4RrZlPQ,7,1,0.42857142857142855,1.0,0.0,4,0,,2.3925392454672654,one_area
AULMnhV2lvHeX1SyuwYpIg,8,1,0.0,1.0,0.0,8,0,,4.250319105639954,one_area
AVHpzzL5nWK9DNj0iNhMuQ,10,1,0.2,1.0,0.0,8,0,,0.7495907173946293,one_area
AWl03RK1j1vCEtp9hZ1kGw,11,1,0.09090909090909091,1.0,0.0,10,0,,1.364268799852485,one_area
AbANvs8XMAynUaMX-yRwmA,26,1,0.11538461538461539,1.0,0.0,23,0,,2.2200067495049134,one_area
AbKQK0qWh0yS4zcKD63CJA,5,1,0.4,1.0,0.0,3,0,,2.45564440748786,one_area
AfccxjKm5bXDkMJmR4U_jw,6,1,0.16666666666666666,1.0,0.0,5,0,,0.33909842326413586,one_area
AhWH6vJxwW_2X7px923s4A,7,1,0.42857142857142855,1.0,0.0,4,0,,3.4508341244783236,one_area
AnklF9Yl3-_WtnE3UVKhug,5,1,0.0,1.0,0.0,5,0,,1.3618810601640106,one_area
Anx6fA6jHXmLS7oaUFXJcw,135,1,0.014814814814814815,1.0,0.0,133,0,,2.0249070228341894,one_area
ApLNfKAZaoHra68RDqNc5A,6,1,0.5,1.0,0.0,3,0,,0.5306947550445165,one_area
ApU6JH060NFwj-vWtYSnng,20,2,0.2,0.75,0.25,12,4,8.637698257911875,2.412660839264127,explorer
AqMTCZQhrNE5wp8FfMdF4Q,6,1,0.3333333333333333,1.0,0.0,4,0,,0.6903198510845396,one_area
Ar0bSCVCwm2m7zknSqoJ7g,8,1,0.25,1.0,0.0,6,0,,0.21622913453441184,one_area
B-zYhfJXIeorX7Au0szmuw,14,1,0.35714285714285715,1.0,0.0,9,0,,2.7727626511874317,one_area
B0WllkuBSbKiEQdba7oDqw,51,2,0.058823529411764705,0.8958333333333334,0.10416666666666667,43,5,13.628637924209174,7.041047081820545,explorer
B1Sd6x9y1pd4PWAGrHo3xw,11,2,0.2727272727272727,0.625,0.375,5,3,996.0035073367313,2.6712060850876136,explorer
B4JCtIWy5F_HdpOiWmoehQ,5,1,0.2,1.0,0.0,4,0,,1.4123894946965447,one_area
B9XQV2_H31eGXc2u84DBrQ,6,1,0.0,1.0,0.0,6,0,,2.2199575086761825,one_area
BCe4G7hipGralBrxP3zohg,7,1,0.5714285714285714,1.0,0.0,3,0,,1.6739858477596563,one_area
BF--mvZ0nX6EixyAn45MgQ,5,1,0.4,1.0,0.0,3,0,,0.5348510306098561,one_area
BH0oRNG_gQ2_uHkNXu1BHw,12,1,0.08333333333333333,1.0,0.0,11,0,,1.3965819102562693,one_area
BHmMszxIdaIEYQ71m4UXwg,17,3,0.29411764705882354,0.4166666666666667,0.3333333333333333,5,4,48.21920590900724,0.45257044943148544,explorer
BJ3CCvFv9l8eNH_cun2C_g,7,1,0.42857142857142855,1.0,0.0,4,0,,0.4129021655633509,one_area
BJb7tRkFKouMM5dasjXghg,13,1,0.15384615384615385,1.0,0.0,11,0,,0.9474571026715732,one_area
BRk2yc1ax9NVPhBzhWGKJg,26,1,0.07692307692307693,1.0,0.0,24,0,,6.977324901685273,one_area
BT7wW9cag2NruuBjXSPa4g,6,1,0.5,1.0,0.0,3,0,,0.8316932393458908,one_area
B_6HlbxJIXCH1EpzTmKUEQ,7,1,0.0,1.0,0.0,7,0,,0.9009845223095191,one_area
BfrmjP8vcYzE1NM_1iydUw,7,1,0.0,1.0,0.0,7,0,,1.000991214994535,one_area
BgZazgMoKPIb3aefyPH7nA,38,1,0.3157894736842105,1.0,0.0,26,0,,0.9872419884525382,one_area
BifKXqBKDtUG1FcFo3YmXg,8,1,0.375,1.0,0.0,5,0,,3.227801717144938,one_area
Bk3FIBR8ujP97RNT2E856g,23,3,0.30434782608695654,0.4375,0.375,7,6,40.6166753459071,2.255573909237731,explorer
Bt-R-1JFFJ16kW8mpmIkYQ,8,1,0.0,1.0,0.0,8,0,,0.8661306286541401,one_area
BundOhhU66aDA5evpfxFhQ,12,2,0.3333333333333333,0.625,0.375,5,3,10.51735608299081,2.729562610153579,explorer
BwrccHlkp3xbIEZRIaAd-Q,95,1,0.05263157894736842,1.0,0.0,90,0,,6.344465768426952,one_area
C0s8a1uSN31DvZRSUQxPnQ,5,1,0.4,1.0,0.0,3,0,,1.1348625676642856,one_area
C0vmWVLf7Kk202ltEZxnTQ,10,2,0.0,0.7,0.3,7,3,14.590334098632095,0.3355227639208784,explorer
C2aiyN4gcEPNfPm94ZoK-A,18,2,0.1111111111111111,0.625,0.375,10,6,9.521963822962757,0.7530482199130667,two_area
CCNhUBv0Br_V_4GYIzP1-g,15,2,0.06666666666666667,0.6428571428571429,0.35714285714285715,9,5,755.2258105501696,0.8087176654875091,explorer
CHeMEder5ijEoCPLWjto_Q,315,7,0.044444444444444446,0.8704318936877077,0.03986710963455149,262,12,21.78190884975755,10.894910416571179,explorer
CJzZr2i7eczlt1ZzUTIfyA,11,2,0.36363636363636365,0.5714285714285714,0.42857142857142855,4,3,11.952016431076192,3.76693789683714,explorer
CMyI-HxcIyx3DgQMi4RlKQ,6,0,1.0,0.0,0.0,0,0,,,explorer
CQDg6a4wDgkqRUJZSzXc-w,93,2,0.11827956989247312,0.8658536585365854,0.13414634146341464,71,11,27.950618042376608,5.87131868023175,explorer
CTl0VeGdRuYC-SQjL6dyFA,22,2,0.3181818181818182,0.6666666666666666,0.3333333333333333,10,5,1328.2883835158357,1.4467763176243094,explorer
CVykZEJt9f3r-N4rwDSOUA,5,1,0.0,1.0,0.0,5,0,,1.6574240635345032,one_area
CX90wCFjtd5XrOcDbq2LXQ,10,1,0.3,1.0,0.0,7,0,,2.8896493050508787,one_area
Ccddp-vnQJdTfJXYm0VfTg,13,1,0.38461538461538464,1.0,0.0,8,0,,3.4947864397783457,one_area
CdXDc0B1C9Bb_cBnj3unhQ,6,0,1.0,0.0,0.0,0,0,,,explorer
CgyDV9vFQxDG4CCwmy1DHQ,5,0,1.0,0.0,0.0,0,0,,,explorer
Ci0BwfDoR5pssc9qFbBXtg,12,1,0.08333333333333333,1.0,0.0,11,0,,0.8620655155004847,one_area
CrHmKkHjDeatH_Al1tA_bA,5,0,1.0,0.0,0.0,0,0,,,explorer
Cs72RRoeaDYlzTI559baAw,18,1,0.0,1.0,0.0,18,0,,2.3144109549298117,one_area
Cy-9C0jchr2994TYuPB-CA,9,1,0.0,1.0,0.0,9,0,,0.612457857694607,one_area
CzOzhuZq5_-JSx7TtlPxEw,5,1,0.2,1.0,0.0,4,0,,1.131862048422715,one_area
D03upeuF2ujZrkOGvG9S9g,20,3,0.15,0.4117647058823529,0.35294117647058826,7,6,762.2680408123964,0.8604741142541223,explorer
D2WBLgdkgS69phazNyk8fA,12,2,0.0,0.75,0.25,9,3,1750.2586943638132,1.0295484505664263,explorer
D2zUnoQddNriv7meYdh-og,6,1,0.16666666666666666,1.0,0.0,5,0,,1.06742659674525,one_area
D7-KBgqB4ax7JeJMWOh2eA,5,1,0.4,1.0,0.0,3,0,,1.524157605414945,one_area
D89P0L7HeYUAEfm88rpWgw,5,1,0.4,1.0,0.0,3,0,,0.6243628033338617,one_area
DEFtEdqzIjufKlKlBcUXjA,6,1,0.5,1.0,0.0,3,0,,0.6911133671745288,one_area
DEpRiOoisiQ7C48rUMpo1Q,8,1,0.0,1.0,0.0,8,0,,0.15715669939678295,one_area
DG09bmwC9KbIhhLrNVyNpQ,5,1,0.0,1.0,0.0,5,0,,0.5853396247946906,one_area
DHDcrxaZB9xtQluAbsm4kA,6,1,0.5,1.0,0.0,3,0,,2.9924818231154213,one_area
DKflxq0TIfcytOy4NHfzSQ,40,1,0.1,1.0,0.0,36,0,,3.7463277510524295,one_area
DNPcxmIPik7BjJCfhAjmHA,5,1,0.2,1.0,0.0,4,0,,1.081186009889467,one_area
DOj9NanlJP3xntULCy5Uow,5,1,0.2,1.0,0.0,4,0,,1.4296510975590857,one_area
DQqKnv4_x0VKu8AGXL3fRg,10,1,0.4,1.0,0.0,6,0,,0.871214541191732,one_area
D_k5FMYuU-iM6TM9UHm2gw,5,1,0.0,1.0,0.0,5,0,,3.291963916962528,one_area
DddhEBGHlvCkI1pZIeQ26A,10,1,0.0,1.0,0.0,10,0,,2.7036098998375695,one_area
DmfT2HBhi7iJS2zjuP7LHw,38,2,0.07894736842105263,0.5428571428571428,0.45714285714285713,19,16,13.205860594267039,2.6701473635990247,two_area
DpICLS_YULIDrrSx-9y7mw,7,1,0.0,1.0,0.0,7,0,,2.351702278287533,one_area
DpQkAl1T7LjnrD8Yp1xqKQ,5,1,0.0,1.0,0.0,5,0,,0.34144990147196974,one_area
Dup9bRkbtiUeEZJn8sV3Qw,8,1,0.25,1.0,0.0,6,0,,1.9351216875466064,one_area
DvV1vSqSDfM1xq7ZlsD7LA,7,1,0.2857142857142857,1.0,0.0,5,0,,2.8706280995279982,one_area
E4l9V_HIS30m683r7t1tsQ,8,1,0.375,1.0,0.0,5,0,,0.9386573096978448,one_area
E83utrUHDcRz4fkM1RcnAA,5,1,0.0,1.0,0.0,5,0,,1.0422453752377268,one_area
EJCdAp5V6nY1neXDBxIWIg,5,1,0.2,1.0,0.0,4,0,,2.371959264324141,one_area
EL7M7hkYHEbXrYICz2jrjg,7,1,0.42857142857142855,1.0,0.0,4,0,,2.406824787585877,one_area
ELAfGVuGSdF_F5ZAjScmuQ,39,2,0.2564102564102564,0.896551724137931,0.10344827586206896,26,3,11.878265287015266,3.4320361789485463,explorer
ENBMZXX3ndtfJouRwQfK2Q,5,1,0.4,1.0,0.0,3,0,,1.3719818932902392,one_area
ETTgsiuBjUH5ZrpopQdJog,5,1,0.4,1.0,0.0,3,0,,1.2809339295212647,one_area
EWBOMeX_OIcAWXuvs_4SKw,15,2,0.2,0.5833333333333334,0.4166666666666667,7,5,41.93118738866874,1.104551767546903,two_area
EX8IBK47hkhn5vmUK9Zapg,7,1,0.0,1.0,0.0,7,0,,2.739274073109905,one_area
Ea9eK_hPuyNX_3ee5eeWKQ,5,0,1.0,0.0,0.0,0,0,,,explorer
EcALn2zLCFa5CcLJU41FiA,10,2,0.2,0.5,0.5,4,4,1499.0236345860758,1.673822164895408,explorer
Ed7bYTRKq9zxhqe4x8zyUg,7,1,0.2857142857142857,1.0,0.0,5,0,,3.0830565851392717,one_area
EeI4yjrvQi_H_q-5CXjUfg,7,2,0.0,0.5714285714285714,0.42857142857142855,4,3,1751.133121542481,1.152607790095427,explorer
EjLbQQiz093KnubKfIvINQ,5,1,0.0,1.0,0.0,5,0,,1.2026851051676306,one_area
El1B-LD3p_TxuKr61FA7dQ,15,1,0.06666666666666667,1.0,0.0,14,0,,1.1753226442210094,one_area
ElMFfuOLtIMioFu5cNvLzA,30,1,0.06666666666666667,1.0,0.0,28,0,,1.141400319391118,one_area
EmFmu3jzYIhbRf-Pn4MSCg,31,1,0.06451612903225806,1.0,0.0,29,0,,6.484839532191688,one_area
Eo8lE6YTCdepIe6jFBLY8g,12,2,0.25,0.6666666666666666,0.3333333333333333,6,3,25.46663782423701,2.438264445579483,explorer
Eqxq2AfFjnut6DwnSmoFtw,7,1,0.0,1.0,0.0,7,0,,0.7131569575123856,one_area
ErGx-mxO_2ettuuoWyrdKw,5,0,1.0,0.0,0.0,0,0,,,explorer
F4hYr8e1tsHChae80QP_Zw,13,1,0.15384615384615385,1.0,0.0,11,0,,1.7844768644794324,one_area
F5dcvW1xry-LFoVLTYwPxQ,5,1,0.4,1.0,0.0,3,0,,0.15054473123605144,one_area
FBd1Qjnnc1Loh7ZY7FD9Zg,10,1,0.4,1.0,0.0,6,0,,1.7364626925456017,one_area
FFKXYa7GorddjVbL_tUIMQ,7,0,1.0,0.0,0.0,0,0,,,explorer
FOX1YV6UwT1UmHLaKEpQEA,5,1,0.4,1.0,0.0,3,0,,0.451311841339018,one_area
FOr8-Ti5mmAgolMogQ5xnA,10,0,1.0,0.0,0.0,0,0,,,explorer
FRuY-52dJKwYWj-hFcQX4g,7,1,0.5714285714285714,1.0,0.0,3,0,,0.43176962357704324,one_area
FS1Ixg7ze8Pa0zlriLg4Zg,5,1,0.4,1.0,0.0,3,0,,1.1247925029141428,one_area
FSfuXJ1dkdjCWTsGlxzx2g,10,1,0.4,1.0,0.0,6,0,,1.313657196685183,one_area
FT2nyZmkjf94bgO3coTARg,8,1,0.375,1.0,0.0,5,0,,1.6624626287865927,one_area
F_yjAG4_dEZYmBHhXXG0uA,45,1,0.044444444444444446,1.0,0.0,43,0,,1.6279285976441766,one_area
FbCoRdahscG4l0TWZj5LJA,10,2,0.3,0.5714285714285714,0.42857142857142855,4,3,8.562080758565742,0.1933359844428627,explorer
FdhuaYcS8_I6FdzPkKTMew,7,1,0.0,1.0,0.0,7,0,,2.7608132152331013,one_area
Fql77crTCq3pbi7V2TJ9LQ,6,1,0.5,1.0,0.0,3,0,,0.29597155289673743,one_area
FucouhMnBxEPEQKbmbYcmA,8,2,0.25,0.5,0.5,3,3,7.726710944506775,1.4801909918498473,explorer
G30-7WCwpxR6N00W_eOX2A,7,0,1.0,0.0,0.0,0,0,,,explorer
G4ovPNki9yAobQThfAvoTA,43,1,0.23255813953488372,1.0,0.0,33,0,,1.1822782691872191,one_area
G67I2On7PW2bmE_UyfwVDw,7,1,0.42857142857142855,1.0,0.0,4,0,,0.6779159618172087,one_area
GCdOzuuc1MeGC5gzSHi4vA,9,2,0.1111111111111111,0.5,0.5,4,4,6.21628494140656,1.0882838406533613,explorer
GG7Xg-09i2RCSily3JYHtQ,9,1,0.6666666666666666,1.0,0.0,3,0,,0.8818024630921677,one_area
GSoAWg_SyBXMn5eELtupWw,7,1,0.5714285714285714,1.0,0.0,3,0,,0.42852285335332124,one_area
GSpUCEHmBQwTd9vhEge_Bg,15,2,0.0,0.7333333333333333,0.26666666666666666,11,4,8.571559232763411,1.4843030503334556,explorer
GVLEgFHGNvAZnuduu25jlQ,10,1,0.0,1.0,0.0,10,0,,2.358635765874838,one_area
GX8AfUVxkx7aqFg6yoivKw,12,1,0.3333333333333333,1.0,0.0,8,0,,5.342700113394814,one_area
GXY930qYEG_hzGGtv7fBtw,18,2,0.05555555555555555,0.7647058823529411,0.23529411764705882,13,4,547.546493088841,3.309668996644262,explorer
GfHvhQG046-MkpPQ02-eIQ,5,0,1.0,0.0,0.0,0,0,,,explorer
GfWBVsi2Yk6NUR6a-gSWvw,13,1,0.5384615384615384,1.0,0.0,6,0,,0.9387281917494927,one_area
Gj3v5FgAhYtFh2qmcB-w5g,9,1,0.1111111111111111,1.0,0.0,8,0,,2.9709223941090555,one_area
Gl-xjDw1Y_BgtuXWwI5P8w,43,5,0.27906976744186046,0.41935483870967744,0.2903225806451613,13,9,24.00170697532895,0.7785100380490102,explorer
GtdVcWtrKnrlWi35MqYKgA,21,1,0.047619047619047616,1.0,0.0,20,0,,2.831084774279269,one_area
GuGxHX6dTjBlem0Gq8mz9g,7,0,1.0,0.0,0.0,0,0,,,explorer
GxMPUSDqI0T6BxSsmplxNQ,8,2,0.0,0.625,0.375,5,3,21.486081892763043,3.048025030135445,explorer
Gxa4qz0f_m7b6nRKbqNGkw,5,1,0.2,1.0,0.0,4,0,,0.9489679048276163,one_area
Gza5FyPBK631DujKWMkdnA,13,1,0.38461538461538464,1.0,0.0,8,0,,1.5419134740718392,one_area
GzzX7EpmTGqik_UThrt8ug,16,2,0.5625,0.5714285714285714,0.42857142857142855,4,3,27.8285332707168,1.4769666418988394,explorer
H0N7D8PvP2_9uFrimAgZeg,71,3,0.18309859154929578,0.8620689655172413,0.08620689655172414,50,5,31.961887511206093,5.980391705510648,explorer
H0NdZhG5kivhXmLPRph3mw,9,2,0.2222222222222222,0.5714285714285714,0.42857142857142855,4,3,12.453413700999283,1.147143548155728,explorer
H0Om3LVYKDnLahkix7AlsA,29,1,0.10344827586206896,1.0,0.0,26,0,,5.822756543711842,one_area
H2WhI7u2Zc-ozPnKBvhWwQ,13,2,0.07692307692307693,0.5,0.5,6,6,2900.7685989504866,3.312957077006546,explorer
HDuJS7S8TMVmRRlVnTMgUQ,16,3,0.25,0.4166666666666667,0.3333333333333333,5,4,36.231359575478365,1.250246197263072,explorer
HG4VCWcap2tn38zIQn0dkg,5,1,0.4,1.0,0.0,3,0,,1.3730470025177985,one_area
HKOuVBpoZd0JrNkMkad2eA,9,1,0.4444444444444444,1.0,0.0,5,0,,0.747744518585992,one_area
HL9WXhizVfzWAE4QgQefxQ,54,1,0.05555555555555555,1.0,0.0,51,0,,3.616151931882084,one_area
HNCyXmHdbQxi7TM74lDrew,36,4,0.2777777777777778,0.34615384615384615,0.2692307692307692,9,7,21.440443237720665,0.3978505323286133,explorer
HNwwKpPUiFf8EUnYrP0xsQ,33,1,0.09090909090909091,1.0,0.0,30,0,,0.6422737441561526,one_area
HTLso7W2jX_fTZ7NCXJGtg,17,1,0.0,1.0,0.0,17,0,,0.8307392456266778,one_area
HTUwFyHbZBDMatDiL5U-aA,6,1,0.0,1.0,0.0,6,0,,0.5662088394727451,one_area
HddLem81GiQ_fPzmcsnuzw,9,1,0.1111111111111111,1.0,0.0,8,0,,4.102445197774289,one_area
Hg6pKZxw-8qLx1P2iZDbag,7,1,0.14285714285714285,1.0,0.0,6,0,,2.6408371817528984,one_area
Hlqe5XsJiPYIqGNze6k6Dg,5,1,0.4,1.0,0.0,3,0,,0.526840118704844,one_area
HmwU-km4YiUW5YBnhC0VoQ,8,1,0.625,1.0,0.0,3,0,,2.0080495628391866,one_area
HoME-kohG7RQzq27cTiuRw,11,1,0.09090909090909091,1.0,0.0,10,0,,0.7628064783550433,one_area
Hxfy4OYHYWsiaaPLtPj6EA,5,0,1.0,0.0,0.0,0,0,,,explorer
Hxv2Fsr24zBFiZNSYzp4fQ,6,1,0.0,1.0,0.0,6,0,,1.0237733197399044,one_area
HzaP4PIBnKGiEFzm8phbMg,7,1,0.14285714285714285,1.0,0.0,6,0,,1.0735151368509688,one_area
I6x-ZBHeCNlMnmtfUVf5lg,24,1,0.0,1.0,0.0,24,0,,0.21675808790976156,one_area
IE6p3ue8g6_m2IAnbFcXrg,9,1,0.2222222222222222,1.0,0.0,7,0,,1.198573331419223,one_area
IEe0AtY0Yky3QEMQ_vg5mQ,26,2,0.3076923076923077,0.8333333333333334,0.16666666666666666,15,3,18.076901913703715,2.414626726622819,explorer
IFL0GJ24DyNn45S7-Ysl_w,8,1,0.625,1.0,0.0,3,0,,2.790725019697032,one_area
IFLZXkaBah5ZJ4wlNyhe_g,14,1,0.42857142857142855,1.0,0.0,8,0,,1.180697734699792,one_area
ILT17t7mrmpqiAMWvCxWYA,5,0,1.0,0.0,0.0,0,0,,,explorer
IO35yKD-4-HBiVdXg_7KXw,21,4,0.38095238095238093,0.3076923076923077,0.23076923076923078,4,3,1365.3967173229382,1.6065991957122532,explorer
Iim2FjK234PripBpaZ9PZw,6,1,0.0,1.0,0.0,6,0,,0.41949957102640556,one_area
IqpAQyHy_M5a7T-ZrP8HHQ,6,1,0.3333333333333333,1.0,0.0,4,0,,0.18290481941849746,one_area
IrzBuAsvu7Nb0KSEVrH_Ww,6,1,0.16666666666666666,1.0,0.0,5,0,,2.796761215697173,one_area
IsElws9SPzDhIyaQxQZhmg,7,0,1.0,0.0,0.0,0,0,,,explorer
Iwkgm3izBQB1cMHrZZ4nsg,18,2,0.5,0.5555555555555556,0.4444444444444444,5,4,9.844048135968302,1.696720138020653,explorer
IzXRjZkLb8sWmS-sYlXB8Q,13,1,0.0,1.0,0.0,13,0,,3.779337998346615,one_area
J-SrJeEyrJ1lfE0o3Rcoqw,6,1,0.0,1.0,0.0,6,0,,4.435791498441352,one_area
J-aKkyx5yKFdI1kp8N9GLw,7,1,0.5714285714285714,1.0,0.0,3,0,,1.0814565643612053,one_area
J1L2FGH3jPIMe1QlixNzAA,15,1,0.2,1.0,0.0,12,0,,1.0891310355590076,one_area
J2YBDnX01WxTwSWDy_W4bA,7,1,0.0,1.0,0.0,7,0,,2.846850780029819,one_area
J9gOJk_90vuIzd-ZNUGgyw,67,2,0.029850746268656716,0.8461538461538461,0.15384615384615385,55,10,42.8007875534911,4.66423487833286,explorer
JDN3_QITw8jPX3mAk78Y1g,7,1,0.0,1.0,0.0,7,0,,0.8255357784313745,one_area
JKDamUXVPAgIV2Hhb97ncw,6,1,0.3333333333333333,1.0,0.0,4,0,,0.3129692147223542,one_area
JMjLWYbP-d9tlYAkLz1Ogw,41,2,0.0,0.9024390243902439,0.0975609756097561,37,4,15.75078322244642,2.5890290130850584,explorer
JSpwp4pAp_Hu4xmPuNitBA,15,2,0.06666666666666667,0.7857142857142857,0.21428571428571427,11,3,9.508720303891677,1.4801590826194697,explorer
JZArUtt9RXoI1qdao0fyog,15,2,0.5333333333333333,0.5714285714285714,0.42857142857142855,4,3,1350.6641913497228,1.40110079205061,explorer
J_nkt4pAa1Jo2jGu2rc4Yg,5,1,0.2,1.0,0.0,4,0,,1.473860170337375,one_area
JapJQZIsWLn8MpsHOH6J-w,35,2,0.17142857142857143,0.896551724137931,0.10344827586206896,26,3,13.224778439872486,3.2242553856656717,explorer
Jb7H9zg3ABs83fpn0ya1ww,5,1,0.0,1.0,0.0,5,0,,3.222340794612601,one_area
JlEIf9QGIAFwUDCfhH4DrQ,5,1,0.2,1.0,0.0,4,0,,2.072965272329815,one_area
JnQdLbWRhAsrw_3Hoo3vsA,7,0,1.0,0.0,0.0,0,0,,,explorer
JqigRMvhsH5r7y94CjGdQA,25,2,0.08,0.8260869565217391,0.17391304347826086,19,4,16.655119198016425,3.633995557774738,explorer
JtXALTXw0CxoRLNw_GFvuA,6,1,0.5,1.0,0.0,3,0,,1.2125505674582717,one_area
K0zrsXqu55JPwT4dnvNUDg,27,3,0.2222222222222222,0.47619047619047616,0.3333333333333333,10,7,2900.917411492746,2.316561487752526,explorer
K1SrG5chblLSO0RXgNcutg,21,3,0.047619047619047616,0.5,0.35,10,7,18.291803789218985,1.357835677554894,explorer
K9lyKtYQVeCB0Usg2v65Bw,9,1,0.0,1.0,0.0,9,0,,2.8128158846522564,one_area
KAozHo6DpWCn0Mz6nvJLoQ,17,1,0.23529411764705882,1.0,0.0,13,0,,6.343389093995571,one_area
KHT5v6d_T4xqd4cWksLk0g,45,1,0.044444444444444446,1.0,0.0,43,0,,3.262516503384108,one_area
KQ-gI-xsZzq5xeHYev6eYg,9,0,1.0,0.0,0.0,0,0,,,explorer
KQDC9pwnAeFFGPLXrsQbcw,5,1,0.0,1.0,0.0,5,0,,0.6699659647866038,one_area
KQzqAdf1zLHwaPaCoWoOCw,19,2,0.21052631578947367,0.7333333333333333,0.26666666666666666,11,4,24.103795830816548,3.204929352641748,explorer
KZyMZ0ig-bMPmg7Jp_ueMQ,5,1,0.4,1.0,0.0,3,0,,0.09368372331725501,one_area
Kc-kC8eu_U8mH87cOYvqbQ,20,2,0.25,0.7333333333333333,0.26666666666666666,11,4,21.01581350115688,1.9736114458374177,explorer
KcblS8ypoV5mFhtyJubmaA,17,1,0.0,1.0,0.0,17,0,,4.651231909247863,one_area
KdvfzXO6wid3L4wxxzJYxA,5,1,0.2,1.0,0.0,4,0,,0.0,one_area
Ko_PDCCLckuEy8veApoipw,49,2,0.02040816326530612,0.875,0.125,42,6,756.0339444838359,1.723145255644205,explorer
KrZ581CKVJ-8Mvw37ycBkA,11,2,0.45454545454545453,0.5,0.5,3,3,9.572417354687726,2.7828902613889888,explorer
KvTo3KNWtMwVCQzVYyyuZw,8,1,0.5,1.0,0.0,4,0,,1.6009480357096137,one_area
Kwj7GH9JRgy1Iasad3Ou2w,5,1,0.4,1.0,0.0,3,0,,2.5726032781573327,one_area
Kx4RtLVvwFuH2F4hWKB0ig,25,2,0.08,0.782608695652174,0.21739130434782608,18,5,567.1131197613141,0.8087177311146452,explorer
Kx7JvWXJUGccCsVKaVX6GA,6,1,0.5,1.0,0.0,3,0,,1.6157103926754308,one_area
L-EQnRqs4eg4JKOY7rcLmw,10,1,0.5,1.0,0.0,5,0,,2.816460602570426,one_area
L-Zrhj84j7Qiwn554FQKig,11,1,0.0,1.0,0.0,11,0,,2.171763872269155,one_area
L3Wo48xFZC_5H7SC4sdUSg,5,1,0.0,1.0,0.0,5,0,,0.41156580790433184,one_area
L4uWWU4ArkzZy1D3dpSAxw,47,1,0.19148936170212766,1.0,0.0,38,0,,3.1699193188932457,one_area
LBbUoV173-OcUPLVP-7ScA,13,2,0.15384615384615385,0.6363636363636364,0.36363636363636365,7,4,1101.0378965314837,1.6911656149948937,explorer
LCHhwItAT7hCYn1hD33psA,7,1,0.42857142857142855,1.0,0.0,4,0,,0.7198970972557821,one_area
LClO6WFsYAJgq-3N0291_w,12,1,0.3333333333333333,1.0,0.0,8,0,,3.4438454297011996,one_area
LCn7uMKbEyRASeDtGsGoZA,5,1,0.2,1.0,0.0,4,0,,1.0087448149250233,one_area
LF1kmwJjLNVpDNUik5eMPw,22,3,0.13636363636363635,0.5263157894736842,0.3157894736842105,10,6,7.364399729888194,1.7770886226732419,explorer
LPkh_eURB6fOA1w7GSf1qA,15,2,0.13333333333333333,0.7692307692307693,0.23076923076923078,10,3,2822.393340215761,0.9808247765227667,explorer
LQ-FEkzw4P2OwEM23PLbkw,35,4,0.2857142857142857,0.48,0.24,12,6,31.961741147855236,1.1935073995914993,explorer
LRx0RViGEAFX2UVJ5bNBRg,14,2,0.07142857142857142,0.7692307692307693,0.23076923076923078,10,3,14.897999234069925,3.2529082761109884,explorer
LTCbBgxF1FvURWxA7YPEKQ,6,0,1.0,0.0,0.0,0,0,,,explorer
LTMNEpVIJkEfM8ma0DEYyg,12,1,0.16666666666666666,1.0,0.0,10,0,,1.6133937825662814,one_area
LZkoK_bTORaMxRLbdk9T-A,10,1,0.2,1.0,0.0,8,0,,0.22003865902765096,one_area
Le3fvEovMVaISZGgsy9FWQ,7,1,0.5714285714285714,1.0,0.0,3,0,,0.5317482030136965,one_area
LfpXEdALEix6D0UsBCKu5w,7,1,0.2857142857142857,1.0,0.0,5,0,,4.020391122242388,one_area
LoyOOeJHQqzezHAdJqmYHw,13,2,0.0,0.5384615384615384,0.46153846153846156,7,6,3950.7319448036196,1.7331228711923057,explorer
Lq-_mYovl3KuiL6RPdoYew,5,0,1.0,0.0,0.0,0,0,,,explorer
Lr0ThGKRi6BxWCiry3Y4sw,18,1,0.16666666666666666,1.0,0.0,15,0,,2.203669524887966,one_area
M1q69ybXnpT4OohBz6FWnQ,12,1,0.08333333333333333,1.0,0.0,11,0,,2.8471926374383263,one_area
M32nKcq8Cppin27W7-iFMQ,10,1,0.0,1.0,0.0,10,0,,1.7664710848095502,one_area
M5I4rNHn3VZb9hkamuEx2g,10,2,0.1,0.6666666666666666,0.3333333333333333,6,3,7.813230440529439,0.4836802639607476,explorer
MMb3EZjiQGuWaeH0lcpjdA,23,1,0.391304347826087,1.0,0.0,14,0,,4.939120517638686,one_area
MN6vTCeRKWU44M7xwhQc7w,258,2,0.003875968992248062,0.9610894941634242,0.038910505836575876,247,10,542.878553413026,3.4100897098290845,explorer
MPvjps91dA-EfjsfZ570Ww,14,2,0.07142857142857142,0.7692307692307693,0.23076923076923078,10,3,2821.234395604225,0.519029102427434,explorer
MTUXmF6TMB2oyOUH9dCaAg,9,1,0.3333333333333333,1.0,0.0,6,0,,0.5710132464289523,one_area
MVIQUlFaFUSjK2pG_qJsow,9,1,0.3333333333333333,1.0,0.0,6,0,,1.7607091065185654,one_area
MVuNw-mO5on8PpO_I6QtKg,10,1,0.2,1.0,0.0,8,0,,2.0217552958987453,one_area
MkAOXZub6t1XCqSsB1VTcA,8,1,0.0,1.0,0.0,8,0,,1.557022248961013,one_area
Mor3UEvzDL9l2Ga1aoqnOA,5,1,0.0,1.0,0.0,5,0,,0.702093136846995,one_area
MrvvXXhtbcgZfCxHvQ4VIQ,8,1,0.0,1.0,0.0,8,0,,0.6251472929857838,one_area
Mtauh5PuE5yrnt4nE_khDw,5,1,0.2,1.0,0.0,4,0,,0.27830678105766576,one_area
MvrGDIrZv8pL_NYWrb9fLw,72,1,0.027777777777777776,1.0,0.0,70,0,,6.1875005512709675,one_area
N0un75Nz_OGmhcROiuj8VA,65,5,0.06153846153846154,0.7049180327868853,0.09836065573770492,43,6,966.2368198866036,6.741076655533705,explorer
N84Tst_bWC2hNdET8cPWjQ,10,1,0.1,1.0,0.0,9,0,,0.1875129334171887,one_area
NANbMviczSYba8azpvvdAw,75,1,0.04,1.0,0.0,72,0,,0.8077934080457625,one_area
NAxQKtWufuvSUmufzmIkGA,7,1,0.0,1.0,0.0,7,0,,1.6524599473686052,one_area
NB1_0JLlb93trABkcAYStw,5,0,1.0,0.0,0.0,0,0,,,explorer
NBhBECdmKXspNMQXrowLxg,16,1,0.0,1.0,0.0,16,0,,7.444907972043411,one_area
NK2rEuA_ZJ6Jw94hPmNkLw,13,2,0.23076923076923078,0.6,0.4,6,4,25.305027459253964,2.150430025619113,explorer
NKlEwUMCB0lDSeRNUA4y9w,10,1,0.0,1.0,0.0,10,0,,2.2465275752145772,one_area
NMFSiVf5TO8tQWBQ6Pcucg,10,1,0.5,1.0,0.0,5,0,,2.7182280203691787,one_area
NPX7b6i958CuSFCLNGe5sw,11,1,0.09090909090909091,1.0,0.0,10,0,,1.0284324570247767,one_area
NSHXU2EMIRsjGGuvncpQfQ,6,1,0.3333333333333333,1.0,0.0,4,0,,1.299749003458476,one_area
NXX09vJ7rLPv0JJoPj0_dA,6,1,0.3333333333333333,1.0,0.0,4,0,,0.33358008942889067,one_area
NcRKRxXC3_SrAD-3LOeS3A,5,1,0.0,1.0,0.0,5,0,,0.5685246906959611,one_area
NhYTylbNBrs3OY8ffUdVgw,35,2,0.02857142857142857,0.9117647058823529,0.08823529411764706,31,3,14.296844398450686,2.2789445503227137,explorer
NijHURoR_k62Axkmz68TCA,7,1,0.5714285714285714,1.0,0.0,3,0,,0.16369501036152587,one_area
NpOGkN24JbhtGEB3IKHYuA,5,1,0.0,1.0,0.0,5,0,,4.117282425687026,one_area
O0vNIBTJ6dHx8mCKYHwOXw,20,2,0.4,0.5833333333333334,0.4166666666666667,7,5,14.184493998174917,3.081296260673231,two_area
O3LHhLM3N42vEvnOBtYQpA,19,2,0.15789473684210525,0.5,0.5,8,8,9.08203656345842,0.977541843079622,two_area
O6q1nMhqcFArX8A18vnrYQ,5,1,0.0,1.0,0.0,5,0,,1.0920069624610609,one_area
O6sUHcC7svPkZWCIO6PuZA,6,0,1.0,0.0,0.0,0,0,,,explorer
O9QKjmjKObBE7JJoGVYgEA,7,1,0.5714285714285714,1.0,0.0,3,0,,1.267284487970231,one_area
OH3ptxBiopNJIrgGVyQshw,8,1,0.5,1.0,0.0,4,0,,0.17544386367372683,one_area
OIyC6P3M5XGEVzU5YOdw6g,6,1,0.5,1.0,0.0,3,0,,1.1193923631039568,one_area
OJsr0UFngBwO5E8z5qP6xQ,6,0,1.0,0.0,0.0,0,0,,,explorer
OKXT_S_s8w7FgqCcMXYUUg,11,1,0.09090909090909091,1.0,0.0,10,0,,1.4671516472216146,one_area
OPN1uIBQUCze9Ul7u0raaA,7,1,0.42857142857142855,1.0,0.0,4,0,,1.8955411610888229,one_area
OPyem1unqqtM8snKniLwRg,8,1,0.0,1.0,0.0,8,0,,1.589830427632813,one_area
OTKA9bofY3zFh-saPz1RFQ,6,1,0.5,1.0,0.0,3,0,,0.5898406660988814,one_area
OXruA-p85uhlvgTLKNz5Mg,72,1,0.027777777777777776,1.0,0.0,70,0,,2.512945244310981,one_area
OYp6gA8pGIhNerSp0LSjFA,6,0,1.0,0.0,0.0,0,0,,,explorer
O_LxHzpMtaxnzNs5hNOxxQ,12,2,0.3333333333333333,0.625,0.375,5,3,8.64034482716556,2.2810470660203053,explorer
Oc1w0KTgCV9z4jgpekLTjA,8,1,0.5,1.0,0.0,4,0,,1.0380806144630683,one_area
OgaxsymED9T23aZobMNOoA,70,3,0.12857142857142856,0.6721311475409836,0.2786885245901639,41,17,13.561615248714332,4.3231846855466225,explorer
Ojll9cQN4WmDUBic0MRlSA,6,0,1.0,0.0,0.0,0,0,,,explorer
OmEpzRfwZAgCS0AlDcj9Ag,8,2,0.25,0.5,0.5,3,3,2001.2190894391613,0.4682438927399142,explorer
Onvtmw9RTdf8zHHzjudbMQ,6,1,0.16666666666666666,1.0,0.0,5,0,,3.2243026907341097,one_area
OrmB5Onk2RaYyiGZmwliMQ,12,1,0.0,1.0,0.0,12,0,,0.5739135080654081,one_area
OxC6feaRNTKgSirkvnP0wA,5,1,0.4,1.0,0.0,3,0,,1.3274626886399576,one_area
OxfnFHyedpprZLVMOSEATw,18,1,0.0,1.0,0.0,18,0,,1.3854715342606876,one_area
P-1_Yb-Pafw0xvktDNvg-w,14,1,0.5,1.0,0.0,7,0,,0.8333075216963116,one_area
P6-z2QNjXo_tRnzMfuf3RQ,7,1,0.2857142857142857,1.0,0.0,5,0,,1.7774841329452236,one_area
P6UWg3oHfw9QHTSSuGkgVg,22,2,0.09090909090909091,0.75,0.25,15,5,13.330601621930496,2.463525148207763,two_area
P8130kY1Cz6TFOsKJFUdUA,9,1,0.4444444444444444,1.0,0.0,5,0,,1.2534066589065256,one_area
PJl-5EnQk_aFMlyYh3OrJg,5,1,0.4,1.0,0.0,3,0,,3.3091468660683274,one_area
PgiLP11qaxxYexNloIzXOg,9,1,0.0,1.0,0.0,9,0,,0.6086689122098426,one_area
Po-IIg0JO24jfgou7bDqrg,9,2,0.1111111111111111,0.625,0.375,5,3,31.42221853783528,1.6162457842688607,explorer
PqfOVKJOLw1moW2NPSoEjQ,6,1,0.3333333333333333,1.0,0.0,4,0,,2.6510544197014116,one_area
PuNLBic4RPf9Ga03gbpaUg,7,1,0.5714285714285714,1.0,0.0,3,0,,2.124594143794099,one_area
Q3UOMxfsAH3U030tR0lH0A,5,0,1.0,0.0,0.0,0,0,,,explorer
Q4EiT1fYeDRea9l_ey9giQ,7,2,0.0,0.5714285714285714,0.42857142857142855,4,3,18.95052774361601,1.588140752956499,explorer
QCK3OENFoDpvadeX3RAhKw,41,1,0.0975609756097561,1.0,0.0,37,0,,4.640124385309852,one_area
QGeKRz0pBV6uBmF7_VlBjw,7,0,1.0,0.0,0.0,0,0,,,explorer
QIi4SwtiSxeDSwwwDoEPBg,7,0,1.0,0.0,0.0,0,0,,,explorer
QJjMgW93bnPnxGnVRSFR6w,14,1,0.0,1.0,0.0,14,0,,1.8737196850223272,one_area
QMqSgBqSrlRhz2B0UiORjw,7,1,0.2857142857142857,1.0,0.0,5,0,,1.5907073245920433,one_area
Q_SR2NwCPDnu-phYkrSX8g,8,1,0.0,1.0,0.0,8,0,,0.44122928467614425,one_area
QaCDjkA8Is_dB4DBVef6cw,7,1,0.5714285714285714,1.0,0.0,3,0,,0.9777485029224039,one_area
QcqHBeyqtxf4nMSo-CVXRA,24,2,0.20833333333333334,0.7368421052631579,0.2631578947368421,14,5,7.233206406056619,0.06720953186082552,two_area
QfFIPbAYkrMD0SPMTNP4cQ,19,2,0.15789473684210525,0.8125,0.1875,13,3,8.276483856299148,1.4179450393488875,explorer
QjweSj3PwAB5zv7ushn_Ew,6,0,1.0,0.0,0.0,0,0,,,explorer
QmlFDYt9aRKYuf7mRhvkeA,7,1,0.42857142857142855,1.0,0.0,4,0,,0.965418431357452,one_area
QpdYmCSg7vLM6qa6HFjhwA,13,1,0.0,1.0,0.0,13,0,,1.0744864586383789,one_area
QrmUrUy1mNjgvFMOf_AjLA,5,1,0.2,1.0,0.0,4,0,,0.12407356220713053,one_area
R20sQxFytgr_raM5DsoAJw,5,1,0.2,1.0,0.0,4,0,,2.200304956934812,one_area
R6o8tV3jQ2hMXYD5u-Zkgw,5,0,1.0,0.0,0.0,0,0,,,explorer
RCRxj6dn-cMNwDhpGQMYqA,20,2,0.0,0.65,0.35,13,7,11.227322057250548,3.434253827991916,two_area
RJXpxfwCAJy6nGsmGXghVw,5,0,1.0,0.0,0.0,0,0,,,explorer
RRtMl0kS2ntfoxcQPJcmZA,24,2,0.125,0.6190476190476191,0.38095238095238093,13,8,12.248336988107514,3.4209695335563612,two_area
Rcrg_WMhz6KUu-uDhEt38g,23,1,0.043478260869565216,1.0,0.0,22,0,,0.9722958396830661,one_area
Rd7qzRa_I_-JIQq5IHIk_Q,6,1,0.3333333333333333,1.0,0.0,4,0,,0.6764421700242536,one_area
ReLV-lo7M3nVg0deB86fCw,6,1,0.0,1.0,0.0,6,0,,3.0298029651972307,one_area
RlG8zsrWfYNaMzmT9ILCiA,7,1,0.2857142857142857,1.0,0.0,5,0,,0.5304993277018958,one_area
RmaAM3og4CzTy1W70ET1_A,13,1,0.23076923076923078,1.0,0.0,10,0,,3.9822606932991254,one_area
RqP6tzpJpAcuMgs7sL5pGQ,9,1,0.6666666666666666,1.0,0.0,3,0,,2.85655596215408,one_area
S9EaFrAcuZGrvUo_Rx24Wg,7,1,0.42857142857142855,1.0,0.0,4,0,,0.26990954793376765,one_area
SEKTawcFfaIKntviucbhHQ,41,1,0.0,1.0,0.0,41,0,,4.8541437970750865,one_area
SGUGJxqdiaDTh87NQal5FA,13,1,0.7692307692307693,1.0,0.0,3,0,,2.6096293094206544,one_area
SH5UIXzyJMW5Vsyb6n5Cpg,5,0,1.0,0.0,0.0,0,0,,,explorer
SJp3ur20tMsvGVitMxiaww,33,5,0.3333333333333333,0.3181818181818182,0.2727272727272727,7,6,7.997634255584873,2.00467781833602,explorer
SKgz4N68nhmsbYepfrQgFg,5,1,0.0,1.0,0.0,5,0,,0.6236517261263546,one_area
SNkrO9hhvaNOtgVM4DiiJg,5,1,0.0,1.0,0.0,5,0,,1.0743896745008437,one_area
SPa6Q4dGuyOykxs42BebYA,5,1,0.0,1.0,0.0,5,0,,3.191464894021404,one_area
SpRfD1bdOfffOSKreIeIUg,5,1,0.4,1.0,0.0,3,0,,0.7937626346724357,one_area
Sz5uYgcxbHHOEtwNiM6BaA,14,3,0.21428571428571427,0.36363636363636365,0.36363636363636365,4,4,15.03194972205717,1.2137966378556944,explorer
SzKcR8CCmPJDWcNEPEfTFQ,13,1,0.0,1.0,0.0,13,0,,5.088071534774183,one_area
T0d7oBLMJ6hFnzHTkOoQhw,24,2,0.5833333333333334,0.7,0.3,7,3,12.148334637710159,3.6812741726983753,explorer
T1uLCD6iuQbEFT23rxU1Dg,8,1,0.0,1.0,0.0,8,0,,1.036800906756294,one_area
T4RRbPH6J3SX9QA85U7JTw,8,1,0.5,1.0,0.0,4,0,,2.799582620166869,one_area
T6ej7K8uGglcBzJ68yZX1A,16,4,0.0,0.4375,0.1875,7,3,1449.121191134859,1.7878679654257064,explorer
TAahkgGJ4qU936PbNxH6Jw,6,0,1.0,0.0,0.0,0,0,,,explorer
TBRQIFGGWjR7Z5Ki5_PfxQ,23,3,0.043478260869565216,0.45454545454545453,0.2727272727272727,10,6,752.4893826300686,3.483629605855331,explorer
TDVv8uxxgfhxF9Ix9eSPoQ,9,0,1.0,0.0,0.0,0,0,,,explorer
TGmY3adNfCfZCLKP62Ll2A,5,0,1.0,0.0,0.0,0,0,,,explorer
TJlF_yn7HU4Wm8SXKVCRrQ,6,1,0.5,1.0,0.0,3,0,,0.8914838376477275,one_area
TPJozTJbA67odTmQYrjc8A,6,1,0.16666666666666666,1.0,0.0,5,0,,0.5574621915336346,one_area
TQwq95VbVCBeHHQW6vOIlw,11,1,0.2727272727272727,1.0,0.0,8,0,,3.0568011080643394,one_area
TRGa7RzYQHlw3UVcypt4dw,5,0,1.0,0.0,0.0,0,0,,,explorer
TRj5lPr-RwvATCIc6Uf59w,6,1,0.0,1.0,0.0,6,0,,1.5319799270314802,one_area
TZFn736XYq4qYPXTFeGwzg,51,5,0.13725490196078433,0.4090909090909091,0.36363636363636365,18,16,27.762664863557607,2.333171972043703,explorer
Tj2ajZmAIajq4O4eNxtpnQ,16,3,0.1875,0.5384615384615384,0.23076923076923078,7,3,13.687975360505995,1.707949725167861,explorer
Tj4vyZDWtEfhaO-Wx2rk6g,9,1,0.6666666666666666,1.0,0.0,3,0,,1.9672556663403917,one_area
Tl2x7NNY6_7XUjXJyDXt1w,10,1,0.4,1.0,0.0,6,0,,1.5208379441492275,one_area
TpXu0yFnMMs-YiyBMEu27Q,7,1,0.5714285714285714,1.0,0.0,3,0,,0.5139496512566227,one_area
TqukMwa4PXMv-3DUfPyJ5A,6,0,1.0,0.0,0.0,0,0,,,explorer
Tw7oL8tJT6MSul0TAo8gnw,26,1,0.19230769230769232,1.0,0.0,21,0,,2.1216703673313577,one_area
TxlrbX7i7aJvRKZZgCRpew,18,1,0.0,1.0,0.0,18,0,,0.43887053896811645,one_area
U1E6Naex1491NzrGarCsXw,8,1,0.125,1.0,0.0,7,0,,1.5154419404147867,one_area
U27Dewt_TxEY-AQfnP3ePw,5,0,1.0,0.0,0.0,0,0,,,explorer
U4LtJ7YljPEmCbM0HmeG6A,7,1,0.0,1.0,0.0,7,0,,1.2559739886603798,one_area
U7W1khpgG2GOggewEoFaeQ,5,1,0.4,1.0,0.0,3,0,,3.3783409413369037,one_area
UAy3ZRQR9JzNN0kzMBWTQQ,17,1,0.11764705882352941,1.0,0.0,15,0,,1.8132388911759336,one_area
UBLaSSnkK5xoOVsxLr7JZg,8,1,0.5,1.0,0.0,4,0,,1.0777123889715698,one_area
UFq51LFmhfEPn21CM9l_RQ,19,1,0.0,1.0,0.0,19,0,,4.303321328168407,one_area
UH4UvNqQp7G7NCwWEEQ2QA,5,1,0.2,1.0,0.0,4,0,,1.7019782287191543,one_area
UKcIwlbLohvMmGiw4wqaqA,5,1,0.0,1.0,0.0,5,0,,2.347898290720277,one_area
ULtiUKtUi6BRMbOsiQberQ,8,0,1.0,0.0,0.0,0,0,,,explorer
UOXCf4eCU8q6o1xGIzwOng,111,4,0.06306306306306306,0.8461538461538461,0.057692307692307696,88,6,22.52248608749436,6.204415721970063,explorer
UPjzEduW1QgY_Q5p7pjiPw,6,0,1.0,0.0,0.0,0,0,,,explorer
UVSxH2URPO7Sa9A51IZC8w,17,1,0.058823529411764705,1.0,0.0,16,0,,1.6052274865620282,one_area
UXJ4od989AHDeLjIk82vCA,9,1,0.5555555555555556,1.0,0.0,4,0,,0.5496026617183144,one_area
UdGCr8vOgt60nGGS-R7CUg,5,0,1.0,0.0,0.0,0,0,,,explorer
Uo1IBYMpVRYJocg6H4HYxw,11,1,0.18181818181818182,1.0,0.0,9,0,,0.23022827401715396,one_area
Up-oM-OL17jDjn0GxtwH1Q,96,4,0.020833333333333332,0.851063829787234,0.05319148936170213,80,5,20.906779124319524,3.865357178842519,explorer
Uq40T7gShlQLWBJb98evZg,5,0,1.0,0.0,0.0,0,0,,,explorer
Uq819frXr3ucv8MjeJhzzw,5,1,0.0,1.0,0.0,5,0,,0.3158881526822922,one_area
UwbZEMOUfeobay8ycUfT2g,30,2,0.06666666666666667,0.8928571428571429,0.10714285714285714,25,3,13.195905570354121,3.4783426864804476,explorer
UyiT9-LLhcODDRZRaISqTA,6,1,0.3333333333333333,1.0,0.0,4,0,,1.8845674902084408,one_area
V34LnyOBjRuDQBuYG1Duuw,19,2,0.10526315789473684,0.5882352941176471,0.4117647058823529,10,7,24.244830039710344,0.8515192574149506,two_area
V60nCZgAqt0ZfFVErQS7YA,7,1,0.42857142857142855,1.0,0.0,4,0,,0.587634051362283,one_area
VB0jUPCo1FaAgIzrxayjpg,5,0,1.0,0.0,0.0,0,0,,,explorer
VCoKjRd_Rk97dK7pbsmIEQ,6,1,0.0,1.0,0.0,6,0,,3.1917114771878152,one_area
VEmT4OO690n_t7QHDTB6jA,5,1,0.0,1.0,0.0,5,0,,3.1813854788913676,one_area
VG7dOVRGeaGvJ7HISpfE9A,84,4,0.08333333333333333,0.6233766233766234,0.22077922077922077,48,17,40.751800508333474,1.0736796147829688,explorer
VIBcpBsdrm8ZgkuE-o62hA,10,1,0.1,1.0,0.0,9,0,,3.0055433008651344,one_area
VOXxUUgygln1UgVFHAgixw,8,1,0.125,1.0,0.0,7,0,,1.277162846270816,one_area
VR1HCLP1bvg549xkNVN0UQ,44,1,0.045454545454545456,1.0,0.0,42,0,,3.7091105145180885,one_area
VRGj14iFH4dGPdgCrw1peQ,5,1,0.0,1.0,0.0,5,0,,1.066358403629681,one_area
VRpN8qjg2_b0YPomK3_xTA,5,1,0.0,1.0,0.0,5,0,,2.217363170785041,one_area
VUeZ75mvC8nf_J0wZoSGBw,6,0,1.0,0.0,0.0,0,0,,,explorer
VWMjrU0ll1FavCL9_fm8Cg,7,1,0.42857142857142855,1.0,0.0,4,0,,3.1166903796142114,one_area
VWriVYd_m97I7KOCN-dEkA,7,1,0.2857142857142857,1.0,0.0,5,0,,2.130972499755212,one_area
VaJ23imjcYl1U35eyd6hbQ,5,1,0.0,1.0,0.0,5,0,,0.3095595012313135,one_area
Vt3dbCGAkDVY2kxKTdInzQ,6,1,0.0,1.0,0.0,6,0,,1.7326569321648813,one_area
VwIAajk9Z60-5TtONFYJuA,6,0,1.0,0.0,0.0,0,0,,,explorer
W4eb0mdukxQgwvvn9IGkPA,5,1,0.2,1.0,0.0,4,0,,1.9764338670160542,one_area
W4nc1emtvQ0BwbEQAF2nWA,6,0,1.0,0.0,0.0,0,0,,,explorer
W6dlxy3ts4Lj5B_LFI4Q8g,6,1,0.0,1.0,0.0,6,0,,1.5997821751968522,one_area
W70CaXqiK5kVpR-iWLvsyw,10,2,0.0,0.6,0.4,6,4,18.803814041226076,0.06944706709318213,explorer
W7GWFiub3HbMlMGXO3AKBA,9,1,0.0,1.0,0.0,9,0,,2.038742309364422,one_area
W81s2EdHHq4_CYDJNqhgRg,203,1,0.024630541871921183,1.0,0.0,198,0,,5.408321922559238,one_area
WFp0CWCNjT5Fovzd7od3Pg,5,1,0.4,1.0,0.0,3,0,,0.624941231067265,one_area
WGfG0iFN53alClblgY-0ww,11,2,0.0,0.5454545454545454,0.45454545454545453,6,5,1751.2682389381741,0.17467090657881193,explorer
WM5HlND9Olxyk2FvYkuAhQ,5,0,1.0,0.0,0.0,0,0,,,explorer
WMN_WooRW4oN8TaFhNpyWg,46,1,0.0,1.0,0.0,46,0,,3.605281776865401,one_area
WQjY0HaQOIAZi0hfDVcGWQ,42,1,0.0,1.0,0.0,42,0,,5.900569700154055,one_area
WTVtNexN9unsSOacvpWNmw,11,1,0.0,1.0,0.0,11,0,,1.2763599258578824,one_area
WVCgjoYPl7jPhXjPcSR02Q,94,4,0.09574468085106383,0.8588235294117647,0.047058823529411764,73,4,964.6893680731577,3.6515500194451467,explorer
WYMVjQZay3pPFJmg_iktGw,15,1,0.06666666666666667,1.0,0.0,14,0,,0.9017472097570818,one_area
WZvywUbFqvHQw1boj9OQmQ,11,2,0.2727272727272727,0.625,0.375,5,3,7.071423075154395,2.1052852271333564,explorer
WaJncDmkVxHAEHb-b-goTg,7,1,0.42857142857142855,1.0,0.0,4,0,,2.023864685892761,one_area
Wc5I96A8pEUfP96CDbRc6A,5,1,0.2,1.0,0.0,4,0,,3.5611098327306623,one_area
WfywKHUOxQ6AVJa8Q-luvQ,31,4,0.0967741935483871,0.5,0.21428571428571427,14,6,1100.5605196190281,1.8435837920508313,explorer
WgMCUvsxVGwDUsdJXcEPGw,7,0,1.0,0.0,0.0,0,0,,,explorer
WikldhFO-gxHRs9SRVfkqg,5,0,1.0,0.0,0.0,0,0,,,explorer
WlxJHUYqdEKuIwpE9iTZxw,7,1,0.14285714285714285,1.0,0.0,6,0,,0.6619854343979379,one_area
WqktipEEPMZAvsOIkUTZ4g,11,1,0.5454545454545454,1.0,0.0,5,0,,1.466432517725754,one_area
Wz--ow7P1W0r09_lfkN6XQ,6,1,0.16666666666666666,1.0,0.0,5,0,,1.9265550453588507,one_area
X61dbhql2YZhIoO3flmkRg,20,1,0.05,1.0,0.0,19,0,,0.36874735646439005,one_area
XAvi-b5kaioCxEcgzOW60w,5,0,1.0,0.0,0.0,0,0,,,explorer
XBZvCj-WeQauibI3NCi2Dg,15,1,0.6,1.0,0.0,6,0,,1.3895703789597422,one_area
XBcDvNBgGcc9sl4wvx6RCQ,18,2,0.05555555555555555,0.8235294117647058,0.17647058823529413,14,3,9.282992570487911,1.1568202889194794,explorer
XGDWVXtB8p6rKhJEG0S_zg,17,2,0.0,0.5294117647058824,0.47058823529411764,9,8,9.754613071282652,0.9523975869397008,two_area
XGaU9uKju7jg0xG0Lr9qeg,14,2,0.0,0.6428571428571429,0.35714285714285715,9,5,24.271314449548242,0.7047865969553078,two_area
XJfn5H6UwCsp-L6n7DXrAA,5,0,1.0,0.0,0.0,0,0,,,explorer
XLRzqtCGycIESuA5xfbXdA,35,2,0.0,0.9142857142857143,0.08571428571428572,32,3,13.380733990374942,0.928895786388322,explorer
XPr6OwITQhnsvH18p4FfsA,14,2,0.5714285714285714,0.5,0.5,3,3,19.282905529044456,0.5925888652201731,explorer
XSfrNZIyAHKDb2ps1HS_8Q,88,3,0.29545454545454547,0.7258064516129032,0.22580645161290322,45,14,13.934293173614321,4.70082087805702,explorer
XV5h-6e2PnQtowu5-i5KJA,8,1,0.25,1.0,0.0,6,0,,0.967640636421367,one_area
XedowXE1sPi4BYJmOLjt8g,13,1,0.3076923076923077,1.0,0.0,9,0,,3.73800221066165,one_area
Xn94AMfZrlX4Q7FvV6RrtQ,6,2,0.0,0.5,0.5,3,3,7.471078821199615,0.04344922781223187,explorer
XrBVIx_LVYa8P1AiOw8gRw,8,1,0.0,1.0,0.0,8,0,,0.7844031682531846,one_area
Xw8Pr6pCzuCX-UOLd3dp9A,6,1,0.3333333333333333,1.0,0.0,4,0,,1.3783667836047369,one_area
XzYyKC84ccqgw0DccAgEsQ,38,2,0.02631578947368421,0.8918918918918919,0.10810810810810811,33,4,16.212490636388225,5.701686627943603,explorer
Y1MHichqrupj81MFtTA98Q,6,1,0.5,1.0,0.0,3,0,,1.1334779262853016,one_area
Y3HQHXVM6aDiDsbyN8U5eQ,13,1,0.3076923076923077,1.0,0.0,9,0,,4.253187582559225,one_area
YBNpmwPM-CjNzoRdF3Ap4g,84,7,0.03571428571428571,0.48148148148148145,0.20987654320987653,39,17,21.591730528059486,4.58152094216705,explorer
YL5KFoUtGEdBA7x-C4zu7A,10,1,0.4,1.0,0.0,6,0,,2.4275983452098577,one_area
YPfS68Yx1yi7u1GpU5sR8g,5,1,0.4,1.0,0.0,3,0,,0.22757586697309895,one_area
YlWXXEeVK0rsdNys17jvKw,11,2,0.0,0.6363636363636364,0.36363636363636365,7,4,14.196737458739962,0.31666200987096516,explorer
YlxeTuWCoZfrefhy0Ucyhg,8,1,0.125,1.0,0.0,7,0,,0.3981899229745496,one_area
YnDvjz11ZE-f9qc3gEm-KQ,14,2,0.2857142857142857,0.6,0.4,6,4,16.79501971054176,0.9591753190834074,explorer
YqsceNOYPupHz80fOwVviQ,7,0,1.0,0.0,0.0,0,0,,,explorer
YrWN6qplTdYlQ5urYNxpwg,9,1,0.0,1.0,0.0,9,0,,3.3901905655841835,one_area
Z0yHptbS93271s_h6LJOMw,6,1,0.3333333333333333,1.0,0.0,4,0,,1.4759492194066572,one_area
Z8xy8ivjN7wl2HSyOtEU8Q,8,1,0.625,1.0,0.0,3,0,,0.2692985063843036,one_area
ZDgqRbMzvh5xLvLPf5pd1A,5,1,0.0,1.0,0.0,5,0,,0.8455057452215934,one_area
ZG7d4yTQxdQ4SAKRWXBg_w,6,1,0.3333333333333333,1.0,0.0,4,0,,1.0915720650075609,one_area
ZGnUQTLwVZTzSLGu6vR4nQ,6,2,0.0,0.5,0.5,3,3,8.8079003902766,1.3948161271171746,explorer
ZHiVNK_5ytWSSR9HGr0iIQ,20,1,0.1,1.0,0.0,18,0,,1.144201924963081,one_area
ZIlZhl7xT9gztKRlWk8Uvg,24,2,0.3333333333333333,0.5,0.5,8,8,1752.434097420551,1.5135793438781986,explorer
ZJZARSGq4UOpsFl72PZNAw,13,2,0.15384615384615385,0.6363636363636364,0.36363636363636365,7,4,24.996214154485678,0.042419311689412306,explorer
ZSmUmmJ9Jxk3UeaVmWg4Eg,9,1,0.0,1.0,0.0,9,0,,0.8977282421547147,one_area
ZZ6LB_EAJFvpx3VbYcg3QA,6,1,0.16666666666666666,1.0,0.0,5,0,,3.069327863679935,one_area
ZZMnSSzyL7l9XiLgrtlwZw,8,2,0.125,0.5714285714285714,0.42857142857142855,4,3,10.378125435121412,1.0530422188341495,explorer
ZjGnvSASx6ziJ2pLD8KNQA,24,4,0.3333333333333333,0.3125,0.25,5,4,21.342012698758435,0.6486819054318308,explorer
Zjp8kd0zPbrp8-uCrmklQg,13,1,0.38461538461538464,1.0,0.0,8,0,,2.9479874541719164,one_area
Zqu-tMR9CHjA44sU7I5bXA,11,1,0.0,1.0,0.0,11,0,,1.0570434760992016,one_area
ZunpK0C6__9QjOeJdvhU4A,5,0,1.0,0.0,0.0,0,0,,,explorer
ZvkbHmIQg0z28aPoLB8-QQ,10,1,0.6,1.0,0.0,4,0,,0.767319881489088,one_area
_-Uw7Bk9mGdE8JnwI6Czog,11,1,0.2727272727272727,1.0,0.0,8,0,,2.3649405565737003,one_area
_1hPdizzSbtEqgO_VKR72g,20,2,0.2,0.8125,0.1875,13,3,15.335495671281056,2.338383159759571,explorer
_2PfDGJk_JbVktP5E8DKTw,5,1,0.2,1.0,0.0,4,0,,1.5060650079962565,one_area
_3slMJIPWtusJq4waO_zqQ,7,1,0.42857142857142855,1.0,0.0,4,0,,3.0824094219960387,one_area
_6eWh95nK84sZMSH4kA4Gg,22,3,0.045454545454545456,0.7142857142857143,0.14285714285714285,15,3,8.311108173430704,2.94039415238297,explorer
_G4218U6yDywqn_06L595w,10,1,0.5,1.0,0.0,5,0,,1.517387680295007,one_area
_HhajxbU7yprqYMtvBlIig,6,1,0.5,1.0,0.0,3,0,,0.029880807636908185,one_area
_K4pNMWOUkvQlO0k75xV9g,5,1,0.2,1.0,0.0,4,0,,1.5039301052313085,one_area
_KL1CGJLouKvmtqvIsh6hA,9,2,0.3333333333333333,0.5,0.5,3,3,5.4864288034693915,2.1825058044149612,explorer
_Voi8461u-vpVgEkZ7wg3g,5,1,0.0,1.0,0.0,5,0,,1.283473315673664,one_area
_cQJIRrJu0pXqBSloGFmyA,5,1,0.0,1.0,0.0,5,0,,2.4665469128932402,one_area
_mtqoo7wQYheXrO1pCAo0g,21,1,0.047619047619047616,1.0,0.0,20,0,,4.018331647606292,one_area
_sc93u8VgIQVi5Af_7h1GA,16,1,0.0,1.0,0.0,16,0,,1.0820452132535907,one_area
_yRKTBGymWyWoBj2YJFCmQ,36,1,0.08333333333333333,1.0,0.0,33,0,,1.4114783911264526,one_area
_yS6GfchBYtNThmucf_r1A,7,2,0.0,0.5714285714285714,0.42857142857142855,4,3,10.724929746629547,2.888169851395853,explorer
a4MrK-KrumPaY5Vl0aC1rw,70,2,0.04285714285714286,0.9552238805970149,0.04477611940298507,64,3,938.114268368806,1.8488900322044095,explorer
a7Hc-cLGLMVXb6J5c8aXRw,8,2,0.25,0.5,0.5,3,3,8.288403274359583,0.5437427867741562,explorer
a91M-RIBmsjCYtOd-X2hFQ,7,1,0.14285714285714285,1.0,0.0,6,0,,0.2413111487767934,one_area
aEgD7g9gof2Bl0dUEwWQ2g,5,1,0.4,1.0,0.0,3,0,,1.1394422774382815,one_area
aJgLdDQt9ytb-qbF8hpyjQ,18,1,0.1111111111111111,1.0,0.0,16,0,,0.666557274525932,one_area
aN3hqwdyeT6AmyUq3GgIIA,109,3,0.05504587155963303,0.5825242718446602,0.3883495145631068,60,40,11.663561471291391,3.1987036446610144,explorer
aOGtShQrhkVF0REtkJCNkA,5,1,0.4,1.0,0.0,3,0,,1.9416119644726153,one_area
aPEZfHCW053NYcWrNT6vZw,5,0,1.0,0.0,0.0,0,0,,,explorer
aQr8seSnycChN6TSqQ6PEA,6,1,0.3333333333333333,1.0,0.0,4,0,,2.6151369532435744,one_area
aW-gSyHbowWiIJ0Qf1K8PQ,7,1,0.5714285714285714,1.0,0.0,3,0,,1.8979060440174447,one_area
acqIFO_sRn910Nc3tJVC3A,5,1,0.4,1.0,0.0,3,0,,3.9499013149051634,one_area
adAyqY8C2KUzz_IvYfLszw,10,1,0.2,1.0,0.0,8,0,,0.8955858879740222,one_area
afKo80GQvZYbdlwckuZixg,7,1,0.42857142857142855,1.0,0.0,4,0,,2.7245365906769132,one_area
ah5_tmNcNRufLDgbbU5t7g,9,1,0.2222222222222222,1.0,0.0,7,0,,0.5919428296608796,one_area
aha055JQo_MKHlBGAqPkWA,11,1,0.0,1.0,0.0,11,0,,1.674879186871868,one_area
ajR1S3mEFTUnixX2a35yJg,5,0,1.0,0.0,0.0,0,0,,,explorer
an2Y3s60SO4oOrDzXoz79w,5,0,1.0,0.0,0.0,0,0,,,explorer
anyYN-TwiaH2mUOcsvQEbg,5,1,0.0,1.0,0.0,5,0,,0.8859919870229659,one_area
aqSmzW3CtNW61CIaK__7ig,5,1,0.4,1.0,0.0,3,0,,2.6763608408520487,one_area
asGyqFBanQVhs31aNrLLUA,9,0,1.0,0.0,0.0,0,0,,,explorer
auZK-98eELMr-_-Ur7XCwA,8,1,0.125,1.0,0.0,7,0,,3.1684690337133556,one_area
auz-JbxlUP_uMEy3p5gGWg,6,1,0.16666666666666666,1.0,0.0,5,0,,0.42302346453324646,one_area
b1D-Vsr3JmG-dxAorXb6VA,10,2,0.1,0.6666666666666666,0.3333333333333333,6,3,6.3611896997592705,1.9913448089591685,explorer
b2G1n12ldY7PCDrpB9TOYg,10,2,0.1,0.6666666666666666,0.3333333333333333,6,3,8.184008498933126,2.1694491258949182,explorer
bAmK1OzZpDkKeN_az63sMw,70,5,0.12857142857142856,0.7049180327868853,0.09836065573770492,43,6,25.851518906086202,7.7710630216043635,explorer
bI_cvUKQeyQcyHZWUZnmMQ,7,0,1.0,0.0,0.0,0,0,,,explorer
bQmMPB7y_u4SM2STjTO-bA,35,4,0.05714285714285714,0.6060606060606061,0.18181818181818182,20,6,17.996533330092518,6.603960357192633,explorer
b_H4G4woryqNEW5W0E7W7g,5,1,0.2,1.0,0.0,4,0,,2.8333152336157474,one_area
bhWclax6Qx5_dxOKHSvj6w,5,0,1.0,0.0,0.0,0,0,,,explorer
biVmz_l-4wYkwrV_eeb9FA,5,1,0.4,1.0,0.0,3,0,,1.0080791548414987,one_area
bodz_h8AmL2RVwRnRpDR-Q,6,0,1.0,0.0,0.0,0,0,,,explorer
bpBmGt_yrXBI4LksTYzdmQ,5,0,1.0,0.0,0.0,0,0,,,explorer
brdhI1aKGou0k2UcL2i3kg,12,1,0.16666666666666666,1.0,0.0,10,0,,3.5265823178493365,one_area
bxKtZwV1Xr6JUksBASxiRQ,16,1,0.375,1.0,0.0,10,0,,1.6017827369387994,one_area
bxNF0eU_yKHKcSmnWG9riQ,10,1,0.7,1.0,0.0,3,0,,1.9541608258398548,one_area
by81q_rpwwMStxhfOhZFwQ,17,1,0.058823529411764705,1.0,0.0,16,0,,2.512399353172723,one_area
bzrbURQEIsn7-j3mXyoxRA,6,1,0.5,1.0,0.0,3,0,,2.2462003207337258,one_area
cAtnUGFB0WE2FquMoSoiiQ,9,1,0.1111111111111111,1.0,0.0,8,0,,0.32760443243207715,one_area
cFw_PVNvzecqe_3qvoSsUA,10,1,0.5,1.0,0.0,5,0,,2.8131712427829587,one_area
cHrJ3sKZcv6IYkeQ4Sm4-w,14,1,0.14285714285714285,1.0,0.0,12,0,,2.538042410849957,one_area
cI--VISVnwGV-tiuokRlag,8,1,0.375,1.0,0.0,5,0,,1.0391041755538981,one_area
cNbL9w6jQuNMKKjUf32Nhw,7,1,0.0,1.0,0.0,7,0,,1.3470769411635346,one_area
cYfyBD4YteuD2qzwGIYP6A,11,2,0.18181818181818182,0.5555555555555556,0.4444444444444444,5,4,7.456702038445935,0.6427575173240104,explorer
cbdRgEZMXnHM8QjkE7sP8g,6,0,1.0,0.0,0.0,0,0,,,explorer
ccJ8Mxr8VVz9oJimZNTTwg,7,1,0.14285714285714285,1.0,0.0,6,0,,0.7815266295128487,one_area
cnN4EEJa9UHskl4Fct1-wQ,8,1,0.0,1.0,0.0,8,0,,2.592332272760243,one_area
co6aC5SsnueLBBkRNXpMJg,6,0,1.0,0.0,0.0,0,0,,,explorer
coM3qJyeAHI78w8qqY28Dw,16,1,0.125,1.0,0.0,14,0,,0.9073585887085536,one_area
crF0y6p8vQi2Uq97WkJ7AQ,12,1,0.16666666666666666,1.0,0.0,10,0,,4.53061702424346,one_area
cvPPdCmm-sq7czAArSg58g,11,2,0.09090909090909091,0.7,0.3,7,3,13.263235106274411,2.709583294967508,explorer
d1u8IBACgcKroecTqlXxmQ,7,1,0.5714285714285714,1.0,0.0,3,0,,1.4247604983879831,one_area
d7ks3nVCdMV1eI-vfYCSWw,13,1,0.07692307692307693,1.0,0.0,12,0,,4.313677959811706,one_area
dRpoKPePbLoSIiSIS7XymA,12,1,0.6666666666666666,1.0,0.0,4,0,,1.7354606647154167,one_area
dS1ctAuaGo2eRVTe0PWQZg,8,1,0.125,1.0,0.0,7,0,,0.5467016458103668,one_area
dXcAJzsA9-2x45qi2arazA,9,1,0.1111111111111111,1.0,0.0,8,0,,2.6455597079630238,one_area
dfopq7NT06ms9s_tCuF79w,8,2,0.25,0.5,0.5,3,3,17.57031577647352,1.7523848650861444,explorer
dn76ak6ZEPI7XNhdMpxl6g,5,1,0.2,1.0,0.0,4,0,,2.657540078913148,one_area
do6uIGdA_L_8IFoJ80stTA,7,1,0.5714285714285714,1.0,0.0,3,0,,0.49755981938121063,one_area
dw1Inj5D8v_k5s5j16JoDg,10,1,0.0,1.0,0.0,10,0,,2.539185915652868,one_area
e0Omm8re_M4FCtTql4o7Mg,6,1,0.5,1.0,0.0,3,0,,0.673747856568744,one_area
e8a8cRGSP3QOYB2hjpoeSw,9,1,0.0,1.0,0.0,9,0,,0.6420777877704084,one_area
eMg6PF3efZLrvvqYGJLOpQ,5,1,0.2,1.0,0.0,4,0,,0.07821020391986436,one_area
eNxb0N6BGQXMYt9pC1IJqg,28,1,0.10714285714285714,1.0,0.0,25,0,,1.381584927983244,one_area
eQB-zeNwKOGk3F1xLQDp5g,70,1,0.04285714285714286,1.0,0.0,67,0,,0.878700473863425,one_area
eTBfcSIRTHaMjakKOrS-BQ,10,1,0.1,1.0,0.0,9,0,,1.611245922040839,one_area
eUz32AlWqRcPKxpvz9UP4g,10,2,0.0,0.6,0.4,6,4,20.526607010966654,1.232326965719421,explorer
eVIf6rdRbevntBmV85jOrw,9,2,0.0,0.6666666666666666,0.3333333333333333,6,3,13.079198760921305,0.6112322531506107,explorer
eX9W_FuVxfHRvZf0AtnSkg,8,1,0.5,1.0,0.0,4,0,,1.5131478410258727,one_area
e_umI7svTx8bvZWRItCBpw,5,1,0.0,1.0,0.0,5,0,,0.8326567286069978,one_area
efIx7xceSPAxrAfVg7fqRQ,10,1,0.7,1.0,0.0,3,0,,0.803194608798949,one_area
eiCPWdaKEE5RO_vbXS0uUA,5,1,0.2,1.0,0.0,4,0,,3.255332102663431,one_area
ejaGPcz3aDC-EmgThqGvrw,6,1,0.3333333333333333,1.0,0.0,4,0,,2.387867024928182,one_area
evJE7AO2ARFHJzB_Is_Thw,6,1,0.16666666666666666,1.0,0.0,5,0,,3.0145147054340944,one_area
ezFwl_4j7dzitHnFUmkPHg,23,1,0.0,1.0,0.0,23,0,,0.9447541894823716,one_area
f4BpRCgSjzqU8i7OeuY4YQ,5,1,0.2,1.0,0.0,4,0,,3.0827636513328214,one_area
f7ze2In-eT0QORtfp1s4dQ,10,1,0.2,1.0,0.0,8,0,,0.3855370236932756,one_area
f8pr3jhnzvOTA7xoDz2Xxg,10,1,0.2,1.0,0.0,8,0,,3.1655331916526674,one_area
fExlvvpw8srFzcxKmBIIew,36,1,0.05555555555555555,1.0,0.0,34,0,,1.6486497465403127,one_area
fJ4aIGg6XBVNawGQAkUIlw,17,1,0.0,1.0,0.0,17,0,,2.4827356563761165,one_area
fK5YD9--4n4Zqd2U6DViKg,5,0,1.0,0.0,0.0,0,0,,,explorer
fKDP8ZUgY7EXPrN4KPijUA,6,0,1.0,0.0,0.0,0,0,,,explorer
fR7KmZA__LCnOnQKvPdY0Q,5,0,1.0,0.0,0.0,0,0,,,explorer
fSCAMVAqVLGMIMfZ8i1ohg,9,1,0.5555555555555556,1.0,0.0,4,0,,3.4738555491927965,one_area
fYNh00VSPj6dc6XbHSpcLQ,7,1,0.2857142857142857,1.0,0.0,5,0,,2.2939406660880532,one_area
fcX6hy0JaXewdgnzYA15Pg,26,1,0.038461538461538464,1.0,0.0,25,0,,1.923944073997036,one_area
femF4Ekns1BNgAlP9EdOYw,15,1,0.06666666666666667,1.0,0.0,14,0,,0.8121994572355606,one_area
ffIsvFDbmq6v2dYQlWvn4g,6,1,0.16666666666666666,1.0,0.0,5,0,,3.652274282242805,one_area
fnREmrNDKsyGEn6CXA4otA,13,1,0.07692307692307693,1.0,0.0,12,0,,1.7666390531518101,one_area
fpP-_BD04WApsYy4c2a96Q,5,1,0.2,1.0,0.0,4,0,,0.46288739111672594,one_area
fsPSNoVcGuNtIF-5gBclKw,6,1,0.3333333333333333,1.0,0.0,4,0,,0.395713581999815,one_area
ftNChbifmX7pxgytv0e-dQ,7,1,0.2857142857142857,1.0,0.0,5,0,,0.37054450064616484,one_area
fx5abtQ1V5SftfGrKfciQQ,6,1,0.3333333333333333,1.0,0.0,4,0,,1.3162637140489735,one_area
fziqijetygyZ6zqnmIUkIA,5,1,0.4,1.0,0.0,3,0,,0.07169165356897178,one_area
g-EynTcuFjYKASqQAWMicA,8,1,0.5,1.0,0.0,4,0,,0.9079549773854562,one_area
gEjuvV6ffgrlv07q72qYjQ,11,2,0.09090909090909091,0.7,0.3,7,3,761.4989643982839,1.3063240901318078,explorer
gFDG2SRX0rmA1-VY8UE3Ew,5,0,1.0,0.0,0.0,0,0,,,explorer
gHnT7EfxvHOVZKXUpf6F1A,9,1,0.6666666666666666,1.0,0.0,3,0,,1.1757985901373744,one_area
gMYkyX2FaCgto0_RGkngNQ,5,1,0.4,1.0,0.0,3,0,,0.30759098396880297,one_area
gPuyzGnE3xMtugpmdtiH1g,8,1,0.125,1.0,0.0,7,0,,0.8600128456806834,one_area
gRHTOWUaVpesQYdbxFqChA,5,0,1.0,0.0,0.0,0,0,,,explorer
gTsbM38AKzspKE7Wi_4Rtw,6,1,0.3333333333333333,1.0,0.0,4,0,,2.361716759829102,one_area
gUiNt6eHEtQxq5ON5IRncw,7,0,1.0,0.0,0.0,0,0,,,explorer
gWX6Bdh2c2VBjfc0iq830g,5,0,1.0,0.0,0.0,0,0,,,explorer
g_wQNtclPAK5DExUw72wbg,7,1,0.42857142857142855,1.0,0.0,4,0,,1.8016661490909252,one_area
gch9Ub_QnddF2S-OBXA8oA,6,1,0.3333333333333333,1.0,0.0,4,0,,2.253426469497723,one_area
gcpe2II61pYhqqqU6Q1-Jw,6,0,1.0,0.0,0.0,0,0,,,explorer
gfHDMulGnn7Yea9Xa0Jz3w,20,1,0.2,1.0,0.0,16,0,,0.5464799087532006,one_area
gjPQ1d1l0RSBBSe3cJAk3g,6,1,0.5,1.0,0.0,3,0,,0.9339779751283573,one_area
gkg9VqsxPCgpfYXO1dl8CA,21,2,0.14285714285714285,0.7777777777777778,0.2222222222222222,14,4,17.6324724378303,0.7924994199664894,explorer
gmn8xtLg1UoQPoPp4lJWYg,5,1,0.0,1.0,0.0,5,0,,2.66763171520733,one_area
gnj_AZWXW9hODG8VUvqG_A,9,2,0.0,0.6666666666666666,0.3333333333333333,6,3,2908.4590697620365,0.9192926221536142,explorer
guCT9OAeRjWo1Lx4jnvVIQ,5,1,0.2,1.0,0.0,4,0,,0.49392777853764175,one_area
gxt-CF0v4ByVo2-X7KlkEw,12,1,0.5833333333333334,1.0,0.0,5,0,,0.38252734688005674,one_area
h12vpUDEtHIBYBnpZkx0pw,16,2,0.3125,0.5454545454545454,0.45454545454545453,6,5,25.537375428497786,1.3633295447228924,two_area
h1ZPAX2ztQkqzge9FuzR3g,8,1,0.0,1.0,0.0,8,0,,0.8330413708829827,one_area
h2ROjeSjZZqQzz5ZzM0o9A,5,1,0.0,1.0,0.0,5,0,,1.5848354283030346,one_area
h2gcZCpwQcG9jrb7Fi9wlg,34,1,0.058823529411764705,1.0,0.0,32,0,,3.610218622206424,one_area
hEYpVPH1YhTypMAdj9NnFA,5,0,1.0,0.0,0.0,0,0,,,explorer
hI-B0cYL6uoZEQU3A0TupQ,13,1,0.38461538461538464,1.0,0.0,8,0,,0.34817756378531217,one_area
hMlzK6y_0mvV-4RI-ck43w,5,1,0.2,1.0,0.0,4,0,,0.16614484555448922,one_area
hMqY99pR5D0s51nSuuSBww,14,1,0.7142857142857143,1.0,0.0,4,0,,2.37043638767192,one_area
hNm-uC0HMCAES6U_de-bzw,11,3,0.09090909090909091,0.4,0.3,4,3,7.763862960377035,0.9616793831598772,explorer
hR662pdd6p3Zh0NLQbl9pw,8,2,0.25,0.5,0.5,3,3,1764.2139581304534,1.6099453875621255,explorer
hTZu4j_SZsiABuU29sQXww,5,1,0.0,1.0,0.0,5,0,,0.62760828914672,one_area
hZpBOspgZVcenuPgQk-X3Q,10,1,0.2,1.0,0.0,8,0,,2.361340873596938,one_area
hdjkgTssdEP67KLKioOvRw,5,1,0.4,1.0,0.0,3,0,,0.25268096396042294,one_area
hdzTAN8DGJKRddkZ8279JQ,23,2,0.30434782608695654,0.8125,0.1875,13,3,995.6823140002606,5.31097805535803,explorer
hhzPbzqRm3sKS9BRC5brnw,5,1,0.4,1.0,0.0,3,0,,0.8780260527479711,one_area
hjqY1QiepOXMco82OqCtdQ,41,4,0.14634146341463414,0.37142857142857144,0.22857142857142856,13,8,29.661298059016712,2.0767384015603234,explorer
hk8Dm8f6aYu1Sl92R4ltOQ,6,1,0.3333333333333333,1.0,0.0,4,0,,2.490122069177288,one_area
hpTqDXhI6kADYIZsFjKyJw,6,1,0.3333333333333333,1.0,0.0,4,0,,1.0642586397237213,one_area
htWfqjFTrCCddpJ_QGQtQQ,11,1,0.2727272727272727,1.0,0.0,8,0,,0.7995849448951649,one_area
htsnJpyf0SVeDb2glUIrfQ,45,2,0.13333333333333333,0.8717948717948718,0.1282051282051282,34,5,15.076014481854267,0.8812467739585912,explorer
hx9CFj-rrWBy0eLheQvgwA,7,1,0.5714285714285714,1.0,0.0,3,0,,0.7581118860053309,one_area
hzvIwkKaNkMG2766T8YIfA,6,2,0.0,0.5,0.5,3,3,7.876425034328539,1.4982899327129822,explorer
i7R5GPfNeFodZqFwixnhog,7,1,0.0,1.0,0.0,7,0,,1.1367011266042122,one_area
iCnDT4Pntlh1Oxg5m00FCQ,5,1,0.2,1.0,0.0,4,0,,0.979093767227786,one_area
iFJmp5hLuq39R9IiI6J1yQ,6,1,0.16666666666666666,1.0,0.0,5,0,,2.627254150226397,one_area
iK3N8s4qhg14cCw2dmdBlQ,117,6,0.11965811965811966,0.7378640776699029,0.0970873786407767,76,10,24.914066959663995,7.4523031867694955,explorer
iPmtBlrhxOdNufcjqFiczg,5,1,0.0,1.0,0.0,5,0,,2.7094063260595678,one_area
iRun7Wy0frkfQPTe6ZUnMA,12,1,0.08333333333333333,1.0,0.0,11,0,,0.688084246534243,one_area
iWATdPcMb-fv94UBLXSFsA,6,1,0.0,1.0,0.0,6,0,,1.4291609723066254,one_area
ibh8iLrJioL90o_iHXedDQ,5,1,0.4,1.0,0.0,3,0,,0.9685012564757571,one_area
idgPhN-N3gkZBC9Ocnp_sw,6,1,0.5,1.0,0.0,3,0,,0.9458915887297095,one_area
ig78V5Hmr6q-uR4hXMtqvw,9,0,1.0,0.0,0.0,0,0,,,explorer
ij3FhJBdPulyz7WgeeFr7Q,9,1,0.2222222222222222,1.0,0.0,7,0,,3.88970857749239,one_area
ikmXgusUvPYOqlHt5LuH6w,52,3,0.038461538461538464,0.54,0.4,27,20,26.106394446935994,3.3581821973863764,explorer
iu3LcHQrA0EkInB2N0UWCA,5,1,0.4,1.0,0.0,3,0,,1.526787257971724,one_area
iy48sXsYF2wdO7u98rS3ww,64,4,0.140625,0.4727272727272727,0.23636363636363636,26,13,12.30439926100708,4.953899244065668,explorer
iz6amC-ytaz6Dt4RIYtcnw,47,2,0.06382978723404255,0.7727272727272727,0.22727272727272727,34,10,8.992775244548744,3.7532258284590094,two_area
j-zK7Oo_sNljumor7Y7yiw,9,1,0.0,1.0,0.0,9,0,,4.439283020600019,one_area
j3grLltXv1efw8j1FZ5W0Q,5,1,0.4,1.0,0.0,3,0,,0.3851057235900622,one_area
j7OqaWk_Ki_ZcBT99xhM-A,6,0,1.0,0.0,0.0,0,0,,,explorer
jF2NWMxcrPsZCiZ0z8jJSg,19,2,0.15789473684210525,0.75,0.25,12,4,34.692043512987134,1.2874494980280455,explorer
jJroLKOjVKWxfVp7awd6sQ,9,1,0.0,1.0,0.0,9,0,,1.1757557348570056,one_area
jPUnXRb4Fjc2icuHFA_zqw,5,1,0.4,1.0,0.0,3,0,,1.0504934438759734,one_area
jSU8wBJ4R6gUle3qbN75yA,6,1,0.0,1.0,0.0,6,0,,2.5569241033680528,one_area
jSf_SBIKiLRS8WePH1_mfA,7,1,0.2857142857142857,1.0,0.0,5,0,,2.0144843250012596,one_area
j_dm105rRviZ-xi7xCI5Jg,19,3,0.10526315789473684,0.5882352941176471,0.23529411764705882,10,4,11.98396631313301,3.5037757537603866,explorer
jjm96iKMzOXHnIhGxvxfCw,6,1,0.5,1.0,0.0,3,0,,1.616035522438058,one_area
jkTC2tcJXL_W341a5_8I_A,17,2,0.11764705882352941,0.7333333333333333,0.26666666666666666,11,4,9.783469654031839,0.646069967696228,explorer
ju3fAGMdNwhwEBC6yXRlOA,5,1,0.4,1.0,0.0,3,0,,2.9843281836370488,one_area
jwuhvdOUPVnVe-QAS5Ycgg,21,3,0.38095238095238093,0.46153846153846156,0.3076923076923077,6,4,754.9822103460924,3.4503531190820107,explorer
jxN3P8JnAF8k8UBl6knPMw,10,1,0.3,1.0,0.0,7,0,,3.153103189227788,one_area
k0p0RWMjvv8Ps1SUSuYL1A,16,1,0.0,1.0,0.0,16,0,,1.5894651197864453,one_area
k2nqc9tAtBnv9Gn6Ow9pyw,5,0,1.0,0.0,0.0,0,0,,,explorer
k9GaWoNc6PPfiBHutgQVJA,5,0,1.0,0.0,0.0,0,0,,,explorer
kDyNXZa_Ph0IdGHQCT1LeA,9,1,0.0,1.0,0.0,9,0,,0.35439877058464153,one_area
kI4AqkGkZhCI77oShkBXtg,8,1,0.625,1.0,0.0,3,0,,0.5694834461638857,one_area
kKncnVGJRsJ8j9UnbqmdsA,59,1,0.1694915254237288,1.0,0.0,49,0,,1.295075610907707,one_area
kMuYiGpfaZQ1QktYqbvChw,5,1,0.2,1.0,0.0,4,0,,1.255940302568035,one_area
kOG9KvVJ3A-FvNx5WILuwA,19,2,0.21052631578947367,0.6,0.4,9,6,17.02774469604392,2.312387546229414,two_area
kQPM5MJIL4uZWXbyFnHZ-A,6,1,0.3333333333333333,1.0,0.0,4,0,,2.948305012772475,one_area
kSR4n_tOHVMLsMosSIqYkw,5,0,1.0,0.0,0.0,0,0,,,explorer
k_muz40jJaiY1PVga6NDXA,185,6,0.08648648648648649,0.5798816568047337,0.3254437869822485,98,55,18.576002691920387,1.6516531535674643,explorer
ka4y4r5syDvy0TfnVnGwdA,18,2,0.3888888888888889,0.7272727272727273,0.2727272727272727,8,3,19.217537000375778,0.8275736570386807,explorer
kjfF-u8c55wI8f9Oouac8Q,7,1,0.0,1.0,0.0,7,0,,0.28981525245580014,one_area
ktsnm5_k0Kb3C8ALMvhHdQ,8,1,0.125,1.0,0.0,7,0,,0.715377889353784,one_area
kzkAXy9mJS6gMljzC4xGXw,48,3,0.041666666666666664,0.5217391304347826,0.30434782608695654,24,14,1066.5222019625257,0.3683741163093819,explorer
l8YT0FqbvwEzrCH4HrrDKQ,12,2,0.16666666666666666,0.7,0.3,7,3,12.51378473842837,1.4682027234271382,explorer
lHJIhD0vQ8xjyHUb-IxByQ,22,1,0.0,1.0,0.0,22,0,,0.43500030703743364,one_area
lIgrsHJACOeILxgcH_1CKw,9,1,0.2222222222222222,1.0,0.0,7,0,,0.40021780562763176,one_area
lM1F_4TP8sgIaFVSO14cTA,26,1,0.23076923076923078,1.0,0.0,20,0,,1.8917660858865721,one_area
lXQDplfo4ncsCiv9CG54wQ,6,1,0.0,1.0,0.0,6,0,,1.8458224456629022,one_area
lZK0EiCyaCYI1FKjoRANoQ,6,1,0.16666666666666666,1.0,0.0,5,0,,1.6932450555950556,one_area
lfrWaxgLJhiF-oC7tO981A,21,1,0.0,1.0,0.0,21,0,,1.4749713232620767,one_area
lgFj0_TThO-a1j_5X7uWMg,8,1,0.625,1.0,0.0,3,0,,1.4489887611837238,one_area
ln8B-7rV9JFVOvrsCnUqjA,5,1,0.4,1.0,0.0,3,0,,0.5132788726323662,one_area
lo3O4Gd7ADVhN0xlhuQ7tA,5,1,0.4,1.0,0.0,3,0,,2.731885021729199,one_area
loisywO3K7nC0hOx4HYgOQ,7,1,0.14285714285714285,1.0,0.0,6,0,,1.0943821467152879,one_area
lpPBPfO7MSWXxCMyLPb6kw,6,1,0.3333333333333333,1.0,0.0,4,0,,1.5606495978109018,one_area
lpjYic_UWNbDNmyBRXcX-g,19,1,0.3157894736842105,1.0,0.0,13,0,,0.3673485930378557,one_area
lqLWjv3R2U2wp9Qa5t6nNA,6,1,0.16666666666666666,1.0,0.0,5,0,,1.066747194447092,one_area
lshUkvoHpnQudQklC0q48A,16,2,0.0,0.8125,0.1875,13,3,956.4288283321347,0.5499970554370969,explorer
luneE7MbL8ssjSdfGRp9Eg,5,1,0.0,1.0,0.0,5,0,,0.9689918088953978,one_area
lw_fLBSUSNX7QwryO7euCw,20,3,0.35,0.46153846153846156,0.3076923076923077,6,4,15.536021397013288,3.229412848740249,explorer
lx0UBvzgmIu45g9g3G70BA,6,1,0.16666666666666666,1.0,0.0,5,0,,1.1251753019934416,one_area
m22KZqgt2OwitXpC3kPVzA,34,3,0.23529411764705882,0.5769230769230769,0.3076923076923077,15,8,18.67813933084947,2.712181821557827,explorer
m6kKzcA0mcCpWKQ230zHDA,5,0,1.0,0.0,0.0,0,0,,,explorer
m8ALOcSqmMRPMzBnLOTDUg,12,1,0.25,1.0,0.0,9,0,,1.8020183629926851,one_area
mGzqdHE2pJqpYdZhS5QweA,11,2,0.45454545454545453,0.5,0.5,3,3,10.524437011132552,0.0,explorer
mJLpf9yNzY2R8m7hVXBzDg,65,2,0.07692307692307693,0.85,0.15,51,9,11.274218094121114,6.250223938396054,explorer
mOUb4M5-UYabzNUtl7CrBg,7,1,0.2857142857142857,1.0,0.0,5,0,,0.21371691246305016,one_area
mOzvWfmM0XgCsI2pJPEFaw,6,1,0.3333333333333333,1.0,0.0,4,0,,1.9190008222884214,one_area
mPVO9w558aXeoTjD9INNuQ,9,0,1.0,0.0,0.0,0,0,,,explorer
mQAFzRcOv8tsruXOBkGYtg,29,1,0.0,1.0,0.0,29,0,,1.2960215029771152,one_area
mQgIRFjUWpMpnPVG6Rf_nA,5,1,0.0,1.0,0.0,5,0,,2.031862778700626,one_area
mXiw0HwmtY7eL8hlnVs6aA,10,1,0.3,1.0,0.0,7,0,,1.4026163411737957,one_area
mcWqvxPLSXGd8NP2RqtuAQ,7,1,0.5714285714285714,1.0,0.0,3,0,,1.0875954726574364,one_area
mf87yjv9RJWPiwMWI39YEg,11,1,0.0,1.0,0.0,11,0,,2.207467695208377,one_area
mnceWVTuBAA_JbrjOEa70A,11,1,0.45454545454545453,1.0,0.0,6,0,,1.2352862536733522,one_area
myWcP4GNisRJImnctIHT6Q,5,1,0.4,1.0,0.0,3,0,,1.264308135395085,one_area
n0srlwBnVO7Hs_bZ1jlFzA,20,2,0.15,0.7058823529411765,0.29411764705882354,12,5,19.857371032833257,1.3620861018127173,two_area
n5ZcMvJQb07XMjj9pCTYLA,17,2,0.35294117647058826,0.6363636363636364,0.36363636363636365,7,4,8.350581380910166,2.6088418548074412,explorer
nFO1J9FJYFmI6zlKe9nxiQ,17,2,0.17647058823529413,0.5,0.5,7,7,1751.2387960319325,1.0349284957860028,explorer
nGLWk4b4DjvET3LDGjJ7eg,5,1,0.4,1.0,0.0,3,0,,0.8393803491988681,one_area
nGkKPb7xdLsUd1vCk2nqYw,7,1,0.0,1.0,0.0,7,0,,1.7920166657152556,one_area
nGw5tCOzLDgKbuZbtckVtw,5,1,0.2,1.0,0.0,4,0,,2.9086601615497125,one_area
nMyF71OVIEftHtVWrXwsxw,6,1,0.0,1.0,0.0,6,0,,1.6872551997941105,one_area
nT8eqcUUpgfzASqe8ITFQw,35,1,0.08571428571428572,1.0,0.0,32,0,,4.555262585515221,one_area
nU0qJPZ6m8PazfHRQLJxAQ,6,1,0.0,1.0,0.0,6,0,,0.6274799321971715,one_area
nYIH8IHzWp3j33L3qsAz5Q,15,1,0.13333333333333333,1.0,0.0,13,0,,0.23040374186060408,one_area
n_xtoc4yZdM7kR8QdKv8Ow,5,1,0.0,1.0,0.0,5,0,,1.534045324946173,one_area
nb_rhj6Wv_1n0P3P9jVRNw,35,2,0.08571428571428572,0.90625,0.09375,29,3,1518.5404745904914,0.947330832996442,explorer
ncvfEtqeRJrs-CsyLknWmQ,12,1,0.25,1.0,0.0,9,0,,3.060023245074048,one_area
ndBvEE4zdrkbw5w0rd0lKQ,8,2,0.125,0.5714285714285714,0.42857142857142855,4,3,756.5407384166331,1.7238665520373773,explorer
ndUKNiP92lOCG3x0yVeh3Q,26,2,0.11538461538461539,0.5217391304347826,0.4782608695652174,12,11,10.356983140071387,3.5496553059482236,two_area
nkxgSAyoFvjWvtV4JDR6kw,5,1,0.2,1.0,0.0,4,0,,1.425297822127791,one_area
nm6rVuEUUjaxjC5K0bvlWg,36,2,0.1388888888888889,0.7741935483870968,0.22580645161290322,24,7,9.758018947805702,0.7417984303967979,two_area
npzsQuq2u8VgBIpA_CDu5Q,11,2,0.2727272727272727,0.625,0.375,5,3,14.082677630165069,1.5934335739251246,explorer
ntG7xr8zNDX-7Ux5zIqLkA,7,1,0.5714285714285714,1.0,0.0,3,0,,1.1591878242825833,one_area
nvExmyNyEOZRW5Am6xhmVQ,5,1,0.4,1.0,0.0,3,0,,0.9773700884582912,one_area
nzonwigSpOOJfqLvp3mqHA,5,1,0.0,1.0,0.0,5,0,,1.236208041171943,one_area
o3RdErZ9JI6Am3gGi0Kv0g,15,1,0.06666666666666667,1.0,0.0,14,0,,1.3657368017998879,one_area
o4iHwVDRfhMMlHF6IlzrJQ,49,1,0.04081632653061224,1.0,0.0,47,0,,2.4308975874867182,one_area
o8JbrCaUpbL7M83qeHbSQg,16,1,0.125,1.0,0.0,14,0,,3.52645278200935,one_area
o99n86mgCJ_kbhMbE45CyQ,5,1,0.0,1.0,0.0,5,0,,0.3667887536658294,one_area
oBlfGG-V8TuXVHCkcvvGzg,8,1,0.375,1.0,0.0,5,0,,0.12530035000651826,one_area
oDcCLLZ96VRmNPubnUVEDg,5,1,0.0,1.0,0.0,5,0,,0.7922149214615399,one_area
oEj9vDdKeMx1MUuFymfPaw,9,3,0.0,0.3333333333333333,0.3333333333333333,3,3,1507.5306663457748,0.5975440959654208,explorer
oGKgTy7x8-mD7ngegMh-zw,18,2,0.05555555555555555,0.5294117647058824,0.47058823529411764,9,8,7.61146112615996,4.567931597295854,two_area
oHmfaYSotJty1zTMMp9iNg,42,1,0.0,1.0,0.0,42,0,,1.2922862767355734,one_area
oJCRGi311azjaB-LwdpMiQ,23,1,0.043478260869565216,1.0,0.0,22,0,,1.2652848141097102,one_area
oKMfIpS_kzSvf_k-qDS10w,6,0,1.0,0.0,0.0,0,0,,,explorer
oLvssslByKvEAjyfaV03jQ,21,1,0.0,1.0,0.0,21,0,,2.58907428513175,one_area
oMbynm2S4a9uU8bnCn5g2Q,10,1,0.1,1.0,0.0,9,0,,1.937615530091792,one_area
oN0a6KsY7fX5K7CsxKW8Tg,16,1,0.0625,1.0,0.0,15,0,,1.4887040281102084,one_area
oPdEoxq-tq6swa5rvhQQ2A,14,1,0.21428571428571427,1.0,0.0,11,0,,3.0459840401648535,one_area
oQBKkCcgAhy2QQuXUwa0Lg,6,1,0.5,1.0,0.0,3,0,,1.618476247726187,one_area
oQlMwfPYbS9VTtz3edTZnA,6,1,0.0,1.0,0.0,6,0,,0.18390185691881128,one_area
oTpwXmK9QxWkyox3P_HBxw,6,1,0.3333333333333333,1.0,0.0,4,0,,0.7231282376056858,one_area
oWxI9xF0aRPjP-RI2rDKzg,6,0,1.0,0.0,0.0,0,0,,,explorer
oXK8yj5yy2tuvFZrx_GXqA,5,0,1.0,0.0,0.0,0,0,,,explorer
oga5MeRqIRV-fwGVaRxtsw,6,1,0.0,1.0,0.0,6,0,,1.088213441678254,one_area
oj_ron5ljul-wJ47Fx4F_A,18,1,0.0,1.0,0.0,18,0,,0.7595513731510153,one_area
on7SZ1bo46GKbaVqLIAWhQ,108,3,0.06481481481481481,0.9108910891089109,0.0594059405940594,92,6,12.717375474897366,3.8468275809432524,explorer
onT-YWW_Ytq3HXgeoKuHIw,36,2,0.3333333333333333,0.6666666666666666,0.3333333333333333,16,8,18.82885054133228,2.0445136779461097,two_area
onnQ57YN5i_WDKxY9d1OCg,7,1,0.5714285714285714,1.0,0.0,3,0,,1.9395434001528755,one_area
oo-DaKZoUG7tTpq3EAbuzA,6,1,0.0,1.0,0.0,6,0,,2.064778467033815,one_area
orcq1sBl1HPVM8VbQ59RCg,12,3,0.16666666666666666,0.4,0.3,4,3,754.5738468316382,0.4412380456475789,explorer
p4OnonTUHt4YkXa79fXifA,8,0,1.0,0.0,0.0,0,0,,,explorer
p9ORGZoCat056HT35x1R8A,6,1,0.5,1.0,0.0,3,0,,1.0134972635647739,one_area
pAwMVKafxiZxu00y34-V8w,18,1,0.7777777777777778,1.0,0.0,4,0,,1.6070776961663662,one_area
pCAL3IqliKEtiSl_4HPXwA,15,2,0.5333333333333333,0.5714285714285714,0.42857142857142855,4,3,9.066682392400995,3.100412173019358,explorer
pKCdpxqKFJOPZ1JkPBN2ew,32,2,0.3125,0.8181818181818182,0.18181818181818182,18,4,8.719957888189832,0.9130290043968414,explorer
pOAOkXP-_TEOj6v0Z0BBew,8,1,0.125,1.0,0.0,7,0,,0.721698462991153,one_area
pR2FWxF0_Dw6DLE-gjW3FA,7,0,1.0,0.0,0.0,0,0,,,explorer
pRd6Qn3_TEgI4sPGFl1FbA,29,1,0.0,1.0,0.0,29,0,,2.636882288303215,one_area
pSK1ElVEia-wxyuKcnmxDg,15,1,0.0,1.0,0.0,15,0,,0.7380472808966909,one_area
pXUL0u92Z7Ac8vtfJOCbNg,7,1,0.5714285714285714,1.0,0.0,3,0,,2.2985786520993323,one_area
pYekrYx-oSKYTYIxRu9VVg,5,1,0.4,1.0,0.0,3,0,,1.0229661188467516,one_area
pcJNeSRw8n1NpYNh6q62mg,8,1,0.5,1.0,0.0,4,0,,0.5319014356990267,one_area
pe7debduqsuJQw--9Bxcug,52,3,0.23076923076923078,0.65,0.275,26,11,60.74516418316127,2.9579090324264454,explorer
pflNohq48AYRhoqOjNflnw,6,1,0.16666666666666666,1.0,0.0,5,0,,2.2918241473512926,one_area
pj6rNuouch7dyYGNUOAjsw,15,1,0.13333333333333333,1.0,0.0,13,0,,0.7078414909705224,one_area
pkusnYeNq2MDQpqzYeyoWg,41,1,0.12195121951219512,1.0,0.0,36,0,,3.1250127003270842,one_area
plzuk7UVzn-AKU3rsrqZow,11,2,0.09090909090909091,0.7,0.3,7,3,13.444504654845943,2.382881101595994,explorer
pqxT5IAGPsK4Ko0FZA_5ow,23,2,0.043478260869565216,0.5454545454545454,0.45454545454545453,12,10,1101.5793404035596,3.5570663951638064,explorer
ptRf4Yc9O-0IqjxqtIiU5Q,5,1,0.4,1.0,0.0,3,0,,4.456412801685115,one_area
ptUShK8U2OvL05BSaw8lRg,7,1,0.14285714285714285,1.0,0.0,6,0,,2.8573018791133658,one_area
pvi_baolWn7mrtcb9rWAEw,11,1,0.2727272727272727,1.0,0.0,8,0,,0.828101415946767,one_area
pxYlcqi1lGOlG31kIcHE0g,6,1,0.3333333333333333,1.0,0.0,4,0,,0.6450161831901559,one_area
q-C1QnpNji4stdxqtkUr8A,17,2,0.0,0.5294117647058824,0.47058823529411764,9,8,14.883648454572253,3.768868862009768,two_area
q-vIVTIAcBQ8lkglLERlww,9,1,0.1111111111111111,1.0,0.0,8,0,,0.9616005786180706,one_area
q2fj9pVg08cz28l9uOFh_Q,25,3,0.28,0.5,0.2777777777777778,9,5,13.143149849648484,3.018080391483832,explorer
qBTNxb_R9qstclpte6_6UQ,7,1,0.5714285714285714,1.0,0.0,3,0,,1.740709560421043,one_area
qJ7XTi3J9-lUE2b-I63ZlA,15,1,0.26666666666666666,1.0,0.0,11,0,,1.4545950287331788,one_area
qJeMQLpxExtkkuJcTtjulw,17,1,0.058823529411764705,1.0,0.0,16,0,,1.7894362417432277,one_area
qJvmZzLTIC417knT4SXCOA,7,1,0.2857142857142857,1.0,0.0,5,0,,1.3671288863820765,one_area
qP8PrF1TTmG0rBFApo-JKg,6,1,0.5,1.0,0.0,3,0,,1.4442301343139092,one_area
qQ_FzZU1s18IilbQkhSS1g,7,1,0.0,1.0,0.0,7,0,,1.8500811143582123,one_area
qSuKs9wHgtWVO6C3kvAlvg,8,1,0.625,1.0,0.0,3,0,,1.073308997524119,one_area
qTMK2qr6ngof4fe29qyooA,162,2,0.018518518518518517,0.9685534591194969,0.031446540880503145,154,5,17.268552909637265,5.1561743874620936,explorer
qVI4IvpTEh47pWuWLRiXVg,36,1,0.05555555555555555,1.0,0.0,34,0,,1.0656823142509486,one_area
qVz7EgaL6qYgVKiApx8Nzw,6,1,0.0,1.0,0.0,6,0,,1.872106652046039,one_area
qXC3g4MHQDYuq9gyrPzI-w,17,2,0.11764705882352941,0.5333333333333333,0.4666666666666667,8,7,13.658848143063423,1.2965639065953583,two_area
qfcixZ4nNeFsbflsHD3Dfw,9,1,0.5555555555555556,1.0,0.0,4,0,,2.1108879315192492,one_area
qgLwRvE6JkK_KnbuT5AKmA,11,1,0.36363636363636365,1.0,0.0,7,0,,2.0284875371829028,one_area
qh97098p3nkRDlUDzzWvQA,7,1,0.2857142857142857,1.0,0.0,5,0,,0.5082737477924506,one_area
qhTa_gzOMAlVuIr1kvQNKg,5,1,0.0,1.0,0.0,5,0,,2.156354261021408,one_area
qj4eSnrR0aZUK2OPT-qYvA,105,1,0.01904761904761905,1.0,0.0,103,0,,3.799257181983093,one_area
qjL7NhDOlly9Yj5JSRdnHA,6,0,1.0,0.0,0.0,0,0,,,explorer
qkyDoOJ4h6pmbWWdbdPMrA,11,0,1.0,0.0,0.0,0,0,,,explorer
ql8cjUqJEn7aUb26Gq49bg,82,2,0.07317073170731707,0.9210526315789473,0.07894736842105263,70,6,9.67405961077031,5.005364396757281,explorer
qnIc4_kv45nUauKUUpqiKA,7,1,0.14285714285714285,1.0,0.0,6,0,,3.295466988444355,one_area
qrI4af6hudXSpHF7iigeFA,5,1,0.4,1.0,0.0,3,0,,0.9622110908349042,one_area
qsk5uijH1djK0ZmD0pqnKA,8,1,0.375,1.0,0.0,5,0,,0.6732945961994311,one_area
qsuRj329ek3rCSu6f_FEiA,8,1,0.125,1.0,0.0,7,0,,0.9584251298317188,one_area
quFH0cGNItZpGGU9FS_Q_A,8,0,1.0,0.0,0.0,0,0,,,explorer
qv1U7csVU1L5T0zP2Ot03Q,6,1,0.5,1.0,0.0,3,0,,0.17974985307179175,one_area
qwd4cN5LrkUbjzyMv9slKA,7,1,0.2857142857142857,1.0,0.0,5,0,,0.33102793024763355,one_area
qznoPwnKEa6MNnVj7C_U6g,11,1,0.5454545454545454,1.0,0.0,5,0,,2.012909134296446,one_area
r3ov7FgibBx41_W74I1KiA,27,2,0.2222222222222222,0.8095238095238095,0.19047619047619047,17,4,1303.195508042774,2.12289746096382,explorer
r8NjQpTwjbNpw4n_mz49DQ,14,1,0.7857142857142857,1.0,0.0,3,0,,1.7871060527381861,one_area
rDy5a0ZIYxVuShBzX96jYQ,37,2,0.10810810810810811,0.9090909090909091,0.09090909090909091,30,3,9.240589287461214,3.108749733299084,explorer
rGwM0TgJ5S67DRkRMi99Fw,7,1,0.2857142857142857,1.0,0.0,5,0,,0.43219348374058963,one_area
rMYuU_UQejQ4PBNW93gUWg,7,1,0.42857142857142855,1.0,0.0,4,0,,1.8725781274026643,one_area
rNm9bItfqHT4Y2_tXsjL2Q,55,1,0.0,1.0,0.0,55,0,,2.8531121754040423,one_area
rPXZ7akmqKq_a_oDEmi_Ig,9,1,0.4444444444444444,1.0,0.0,5,0,,3.1078521346289083,one_area
rQrlI-TFTkHL3Yv2rv5a6g,12,2,0.16666666666666666,0.5,0.5,5,5,1388.5815595691154,0.6451190711374412,explorer
rR14mlsyG31rZ5oedSEtuw,12,1,0.16666666666666666,1.0,0.0,10,0,,3.2777649474131634,one_area
rRz7xuwKn-W-eWfMnZcR-A,5,0,1.0,0.0,0.0,0,0,,,explorer
rTRqf7-Jl7nsvbbtNAJFQg,6,1,0.3333333333333333,1.0,0.0,4,0,,0.5550439142853679,one_area
rae3XnBTKX6ANvWZ6i8Y4A,97,3,0.1134020618556701,0.9069767441860465,0.046511627906976744,78,4,26.711591722587162,8.310368051160149,explorer
rdyPCaD80cgRx7rPzNTRuQ,6,1,0.5,1.0,0.0,3,0,,1.2629628464093325,one_area
rfxRV2phA3s2YHD7tkS1MQ,5,1,0.0,1.0,0.0,5,0,,0.2887355788361979,one_area
rk1OhWsJ_bYVfQrLkI93XQ,7,1,0.14285714285714285,1.0,0.0,6,0,,1.0273968560615536,one_area
rkDzcDOT-ijLVzp8Bq5qUA,11,1,0.7272727272727273,1.0,0.0,3,0,,0.25263288889201907,one_area
rnki7PLVT7oIuYH6U0XpAQ,6,1,0.0,1.0,0.0,6,0,,2.6039350117822155,one_area
rtGnlR02bjJXp0cg-RzR6w,64,3,0.0,0.8125,0.140625,52,9,10.027404780285291,2.410846215670346,explorer
rwKrcSbr5yn_Wwpi23rNvw,13,2,0.07692307692307693,0.6666666666666666,0.3333333333333333,8,4,9.059283717024702,3.72542982010298,explorer
s-IamAe1Ix6aZvbrQe9Lkg,8,1,0.375,1.0,0.0,5,0,,1.8805572166301143,one_area
s057_BvOfnKNvQquJf7VNg,16,1,0.125,1.0,0.0,14,0,,2.6789316126623097,one_area
s3IJ26fV1bLk1K0xBiwp9w,7,1,0.42857142857142855,1.0,0.0,4,0,,1.250342268364534,one_area
sA966-_1mkAldIEKf2tt4g,6,1,0.0,1.0,0.0,6,0,,1.2665564222595647,one_area
sAw0nfFSLIhn1AJi1e2oUQ,14,1,0.35714285714285715,1.0,0.0,9,0,,1.768745150390473,one_area
sFGDoz_4F_xswZIqBkKcmw,7,1,0.0,1.0,0.0,7,0,,0.8153845901666023,one_area
sKqLFcg3gGfvQrlGegl-Qg,8,1,0.5,1.0,0.0,4,0,,2.113126602248979,one_area
sOGVdjTzOMNMlVs1RWmjcA,44,2,0.06818181818181818,0.8780487804878049,0.12195121951219512,36,5,2257.5189696068383,4.155344412811461,explorer
sPOo1ONS1-4EVv9bfIGq9A,5,1,0.0,1.0,0.0,5,0,,2.4575854647144952,one_area
sUxQgDzUDwD4Sh9Vo-L-ZQ,23,2,0.08695652173913043,0.8571428571428571,0.14285714285714285,18,3,10.289849728661922,3.001813833044654,explorer
sVt0D9h2qTozyfifDre2Sw,11,1,0.2727272727272727,1.0,0.0,8,0,,3.6795856062934194,one_area
seQwVtztnrIdVMtOutC4LA,17,2,0.5294117647058824,0.625,0.375,5,3,983.5356935315309,0.9130662289467412,explorer
skfq3_3CMZhQGVB4bOpcjA,7,1,0.42857142857142855,1.0,0.0,4,0,,0.4110731301590079,one_area
ss8VEYHv_Ram2iGQ8ucxug,17,2,0.11764705882352941,0.7333333333333333,0.26666666666666666,11,4,20.443298849928304,0.5275021477097216,explorer
sy7tdUjMzbCMdB1kFMyHJg,10,1,0.2,1.0,0.0,8,0,,0.12939065973105335,one_area
syAUVETWFLn0eXkE4bVvRg,8,1,0.25,1.0,0.0,6,0,,0.45893789333741164,one_area
sz-6iY15Ukhcgc4CFJJ3xg,29,3,0.20689655172413793,0.7391304347826086,0.13043478260869565,17,3,539.8913915103384,4.620950575586412,explorer
t-cWCcy1T6gv_JuL8Lsksw,23,1,0.13043478260869565,1.0,0.0,20,0,,4.860986477630933,one_area
t50FJnRwDezmTfOhFFPbbA,14,3,0.21428571428571427,0.45454545454545453,0.2727272727272727,5,3,10.106075364941493,1.158107107714848,explorer
t54WpcV6gQWRZfK_7L20uQ,5,1,0.4,1.0,0.0,3,0,,1.5695803742986576,one_area
tCim-JokIwYtR6z5eAaroA,11,2,0.09090909090909091,0.7,0.3,7,3,19.305049894333788,0.018528651086271962,explorer
tDALsTjmosc6ELEhrRHPEA,6,1,0.5,1.0,0.0,3,0,,0.5470091595676023,one_area
tIlTwpzG6crqT44PP0d0WQ,15,2,0.3333333333333333,0.7,0.3,7,3,11.149982079314748,1.633036377621532,explorer
tKgqP5QgDVoG0qCkFolx0w,7,1,0.0,1.0,0.0,7,0,,2.5393852304593376,one_area
tOxT1uyebPZbBuQmt51xcw,6,1,0.0,1.0,0.0,6,0,,1.0166355838023862,one_area
tT8AaOFl6oAv8gCIt_yVqg,6,0,1.0,0.0,0.0,0,0,,,explorer
tWr6wxuU9Ow4r_SIqQU0uw,5,1,0.4,1.0,0.0,3,0,,2.6688262913863956,one_area
tgEiQBZtBoGgj4cXtj-eUw,8,1,0.0,1.0,0.0,8,0,,2.6567991010555647,one_area
tjAOK9sO3SlvzSF-UYn5xA,9,2,0.3333333333333333,0.5,0.5,3,3,23.458429117216916,1.544750672476402,explorer
tlxpbxBH8tNdM5bUmt4iww,12,2,0.16666666666666666,0.7,0.3,7,3,1750.7701991122854,0.3281174326275996,explorer
tr7MN0awianpN5wKBtRgAg,13,1,0.6923076923076923,1.0,0.0,4,0,,0.044986476513015385,one_area
ttXX_uQkwH0bMISF4IP3Rg,7,1,0.0,1.0,0.0,7,0,,1.9072351830000769,one_area
tvaJ_Z72YAIW8AwFCqnM-A,5,0,1.0,0.0,0.0,0,0,,,explorer
u4Jt1on97OGn3-_AfmCuaw,8,2,0.0,0.5,0.5,4,4,9.921026775164313,2.7883176328522628,explorer
u7f8qsRYHCwWGUomm659SA,9,1,0.0,1.0,0.0,9,0,,0.9106138494040867,one_area
u8jHy4P5WhqVwNBFvfeo3Q,11,2,0.2727272727272727,0.625,0.375,5,3,23.096121547886884,1.0061233707830002,explorer
uDraUZMGBf2GYE_Z-6Ue9Q,8,1,0.625,1.0,0.0,3,0,,0.0525852820520441,one_area
uFdtg4mjDrhGc2zq7u8fjA,6,0,1.0,0.0,0.0,0,0,,,explorer
uMvlh5oocS-D9afL9SyMLA,5,1,0.0,1.0,0.0,5,0,,0.4653066116014573,one_area
uPvyXXs3XWY7iYk9Sqy-wQ,5,1,0.2,1.0,0.0,4,0,,0.10970753976945738,one_area
uSVd8L6hqe5N6k5W5nD3Qw,11,1,0.7272727272727273,1.0,0.0,3,0,,1.0234833701748824,one_area
u_TkXMtQ-xOZeC569ISBLw,5,0,1.0,0.0,0.0,0,0,,,explorer
uaGusfCX2BCNb9aXeW43TA,5,1,0.4,1.0,0.0,3,0,,1.0620100663367436,one_area
ubDcRO1LhtpTXeeI9r08wA,6,1,0.3333333333333333,1.0,0.0,4,0,,1.2360992096880747,one_area
ud_FXCdYEBzEmN-StimrhA,20,1,0.05,1.0,0.0,19,0,,1.3144343992355878,one_area
ugk0g6vyv2XavpoTaJSy6A,6,1,0.0,1.0,0.0,6,0,,2.0750692359134426,one_area
uqBfXS2d5nMAW1oKB6uHnA,5,1,0.4,1.0,0.0,3,0,,2.636457248313609,one_area
uuj_1xYQDVcqUCskx9uMbw,16,2,0.375,0.5,0.5,5,5,24.761993232663663,0.19149581171823052,two_area
uzJz5yrEKWIhKzcR3uIlsA,44,3,0.25,0.7878787878787878,0.12121212121212122,26,4,13.900267571596073,4.020514501636946,explorer
v0ybVZuZn1oz8FxrLIjPOg,10,1,0.2,1.0,0.0,8,0,,2.2438513377430516,one_area
v2uq7UUFJqaRSQNcd5K-xw,47,1,0.19148936170212766,1.0,0.0,38,0,,6.7681952842192015,one_area
v6m5JohOSluoiQ4eqIEVxg,6,1,0.0,1.0,0.0,6,0,,0.19867092461549918,one_area
v8BQSU_iU9DShiGI5T00_Q,6,1,0.0,1.0,0.0,6,0,,3.0019451419344536,one_area
vDNrQU7yYNgkXfSwQCb8uA,15,2,0.26666666666666666,0.6363636363636364,0.36363636363636365,7,4,10.77391813355142,2.702065608029908,explorer
vGHWoT-knZ5kNDDRaZS2lw,7,1,0.0,1.0,0.0,7,0,,0.8131255875164507,one_area
vIEAF_7LV8oQ6MJn0Q1lFA,6,0,1.0,0.0,0.0,0,0,,,explorer
vJ9d8w9Sj8lrJw8d-K1olQ,10,1,0.1,1.0,0.0,9,0,,3.5881861888267417,one_area
vM14ysC_qD69WI0HwoBMuA,9,1,0.2222222222222222,1.0,0.0,7,0,,0.5083969055600828,one_area
vQAa8zdp3NSEKgCotEobbw,18,3,0.3333333333333333,0.4166666666666667,0.3333333333333333,5,4,22.22557677361764,2.078316390532389,explorer
vQHh2F5wXHx0CiT4sPt74A,9,1,0.6666666666666666,1.0,0.0,3,0,,0.2980610629064718,one_area
vTHOhd8DXvZT4eHndd591g,18,4,0.16666666666666666,0.3333333333333333,0.26666666666666666,5,4,22.32122068496611,2.6009067033093327,explorer
vVXGnFehkEoL5sNoqK4CUA,15,1,0.3333333333333333,1.0,0.0,10,0,,0.5685091823719861,one_area
vZsH7VYNIa42wo4-f1svEQ,15,1,0.4,1.0,0.0,9,0,,0.35433415913337585,one_area
v_nzP2R1_wAyOw48D9ToWg,6,1,0.5,1.0,0.0,3,0,,2.5223396209364584,one_area
vaxt3aJ9U5WdgEo1PNgn_g,7,1,0.14285714285714285,1.0,0.0,6,0,,2.4754908331933487,one_area
vcgEvc7YJsskN5exSG6ewA,5,1,0.4,1.0,0.0,3,0,,1.3455600191283468,one_area
vh_c8-LWkDDmZRg8KaC-xA,5,1,0.2,1.0,0.0,4,0,,1.1833443162472657,one_area
vrYuT-SgcZ67WIyZsWhbWg,9,0,1.0,0.0,0.0,0,0,,,explorer
vxeB-x3pLi6xWnDnQUaCMg,7,1,0.2857142857142857,1.0,0.0,5,0,,1.4291126040912583,one_area
w6tpXm0c3iIF872A-u_GAw,17,1,0.058823529411764705,1.0,0.0,16,0,,1.318857897788439,one_area
wD_ajXsHopqvjxbQSHnGjA,5,1,0.0,1.0,0.0,5,0,,1.949321947182046,one_area
wEeSmYi2OsqhGTKH8EX7fg,5,0,1.0,0.0,0.0,0,0,,,explorer
wEua7xjmvvMCrrYJeoN-Xg,7,1,0.2857142857142857,1.0,0.0,5,0,,3.2086483608977145,one_area
wI2YTLDtbj9wkVQBiM8DEQ,6,1,0.3333333333333333,1.0,0.0,4,0,,0.8517457465476532,one_area
wLRNQ5_xM9E_Am5lh9jASQ,9,1,0.1111111111111111,1.0,0.0,8,0,,2.822214930966655,one_area
wLbQ_22n5_F409Rc61IGiQ,6,1,0.3333333333333333,1.0,0.0,4,0,,0.3626284743615801,one_area
wN7aftG7QsS8xktkaZ74nw,5,1,0.4,1.0,0.0,3,0,,2.0998259082258937,one_area
wTdEJv1VYUdlZ0_fS_vT5A,70,2,0.014285714285714285,0.6376811594202898,0.36231884057971014,44,25,12.499978985693387,3.186246598145148,two_area
wW8_92GRWJScXy96GDNpmQ,5,1,0.0,1.0,0.0,5,0,,0.3343714871887567,one_area
wY-pfw3kF5_fWRSHpRZzXQ,6,1,0.16666666666666666,1.0,0.0,5,0,,0.8899576408771113,one_area
wdgq_LkASF6ggKJSaLUNIA,9,1,0.5555555555555556,1.0,0.0,4,0,,2.0844166567936684,one_area
wdyd3EkJtkTzH3sM0JmV2g,8,1,0.0,1.0,0.0,8,0,,2.3229666837558383,one_area
wggO14a49phj5eGA_KFJ5w,7,1,0.14285714285714285,1.0,0.0,6,0,,0.40865242438647176,one_area
wk5KGCCry6mTVtJUJoSaqA,9,1,0.2222222222222222,1.0,0.0,7,0,,3.0043072888554474,one_area
wm5g3HlFd4U91iYcqXGM2A,7,1,0.42857142857142855,1.0,0.0,4,0,,0.1678829984446601,one_area
wrcVzGPGIOL2Z3Kxmg9fwg,5,0,1.0,0.0,0.0,0,0,,,explorer
wtMYSKrt3yE2r-TNp_6spA,9,1,0.2222222222222222,1.0,0.0,7,0,,3.0652783057295476,one_area
wuVdyjawx8yVotASEQPn6w,14,1,0.14285714285714285,1.0,0.0,12,0,,1.0576328528893362,one_area
wyq_nDwEKwa0bEsN2oT_hQ,6,1,0.3333333333333333,1.0,0.0,4,0,,1.5033259866983528,one_area
x0SrRrrCqQnQQlHo58SA3A,5,1,0.4,1.0,0.0,3,0,,1.3975039219299246,one_area
xAOQlKAe8a_FfaDepK0kMw,22,1,0.3181818181818182,1.0,0.0,15,0,,2.4324763988456706,one_area
xBtMG7PnChQpnpQR6O8zNQ,18,1,0.0,1.0,0.0,18,0,,2.6234510400389657,one_area
xCGRIro1UK646WZmRROHLg,36,3,0.5,0.3888888888888889,0.3333333333333333,7,6,10.296746291509473,0.6084782008315949,explorer
xCeBWM3AJrUfq6YCo3U-Vw,9,1,0.0,1.0,0.0,9,0,,0.6275541653266113,one_area
xEU5fkcMNfF3yXzj7jD7jA,5,1,0.4,1.0,0.0,3,0,,1.48046305763976,one_area
xHf19ZkzGRWRd4JcIQ0mig,8,1,0.5,1.0,0.0,4,0,,3.3513695355762274,one_area
xK10fav5yVNepAidSjl2Lg,13,1,0.46153846153846156,1.0,0.0,7,0,,3.369715416850095,one_area
xKD6xH0ga9KsMXDIwz2MCw,9,1,0.3333333333333333,1.0,0.0,6,0,,0.9359364034893405,one_area
xQ1tKIQZPEuIr33V_YXWyw,35,3,0.2857142857142857,0.56,0.32,14,8,8.518953406702202,1.272467276328556,explorer
xR8FqS8xH9SD2W9d67Zawg,7,1,0.2857142857142857,1.0,0.0,5,0,,2.7573112551848658,one_area
xVL65My7jYzFTYrG4WLOWw,5,1,0.2,1.0,0.0,4,0,,1.1608631434048222,one_area
xYzAQ7TLBEotU2tzWy1n4g,6,1,0.5,1.0,0.0,3,0,,1.0773739934358821,one_area
xZx17dwUwHQmXCXEV4HDEA,16,2,0.4375,0.6666666666666666,0.3333333333333333,6,3,1490.9439023685527,1.4009802753810532,explorer
x_ARxnT3Jeci4H3g99qgPA,6,1,0.5,1.0,0.0,3,0,,1.1160842315349186,one_area
xkrT76DZlPLGW5NfiWzxkg,6,0,1.0,0.0,0.0,0,0,,,explorer
xmy3Tfla9k58FW4H1-5-2w,5,1,0.2,1.0,0.0,4,0,,0.8495117173626741,one_area
xn45v0BaWqKJlom0CDiVQg,5,1,0.4,1.0,0.0,3,0,,0.46601061057254806,one_area
xp9ARKy_Jm34TrlG3z3UdA,15,1,0.2,1.0,0.0,12,0,,1.5805309764225983,one_area
y-vE9nQyauGck-wlM5R1PA,7,1,0.14285714285714285,1.0,0.0,6,0,,0.45891171886730675,one_area
y1lzOjoBhDulOPc7v-xCOQ,63,5,0.1111111111111111,0.42857142857142855,0.26785714285714285,24,15,15.684477663171021,5.132350955733516,explorer
y3_iyuUmSnAvsoFBgh7jKQ,6,1,0.3333333333333333,1.0,0.0,4,0,,2.227479450772986,one_area
y41eTjSb9kbQsA5V6bAEUQ,10,1,0.6,1.0,0.0,4,0,,0.9817188763362805,one_area
y750_nHP1Lgu9rvAtZdnsw,9,1,0.0,1.0,0.0,9,0,,1.1733623396335622,one_area
y9dZmWasGZ0dUFakw1mnzg,5,0,1.0,0.0,0.0,0,0,,,explorer
yAzWY3vyTdmLjK1blLfHiA,6,2,0.0,0.5,0.5,3,3,8.491589252684648,0.8358595686009288,explorer
yCnKZncv0TFF4OiIEYx5pg,10,0,1.0,0.0,0.0,0,0,,,explorer
yI3nFKpz_hZMhiVh6UbXfg,9,1,0.3333333333333333,1.0,0.0,6,0,,0.6993359778682811,one_area
yTHstv3r9lhwpsqnHyh6zg,6,0,1.0,0.0,0.0,0,0,,,explorer
yXhsuwDpKVD2vPdT3H5qow,17,2,0.11764705882352941,0.8,0.2,12,3,47.11196499188575,1.465241197918893,explorer
yZ7hQ1ecvmBJRGjVVTPHhw,12,1,0.08333333333333333,1.0,0.0,11,0,,1.8066431435864378,one_area
yZcwTVKnu4bsvPNnkGkbWg,5,1,0.2,1.0,0.0,4,0,,0.911020923810984,one_area
yaDSKPoiZe13cCZtAU15vA,46,1,0.13043478260869565,1.0,0.0,40,0,,6.405893044232338,one_area
yeV0fb77bIPg2ImuNuDKmA,12,1,0.5,1.0,0.0,6,0,,0.4909857294930221,one_area
yi8MUcO3O6ALXErrFuj2_A,49,2,0.08163265306122448,0.8666666666666667,0.13333333333333333,39,6,15.125174185962289,2.209177629027206,explorer
yiu7X_J6RFh8-7Dn-pKPkg,20,1,0.05,1.0,0.0,19,0,,5.626835364892127,one_area
yoG0aATEmo3Eq0sxUlDpBQ,5,1,0.2,1.0,0.0,4,0,,0.6079784178601013,one_area
ytTcyNugEE9N3xRaUeQtWg,5,0,1.0,0.0,0.0,0,0,,,explorer
yzaPaf8QIMuDtj6nkEyeuw,9,2,0.1111111111111111,0.625,0.375,5,3,12.437281514145628,1.3853875369403417,explorer
z9h4AXLMP29mytkzDXIYOw,24,2,0.125,0.7619047619047619,0.23809523809523808,16,5,1495.6225186840595,3.050610808910312,explorer
z9mQ_Bh98tfsp3ISA83zwA,22,1,0.13636363636363635,1.0,0.0,19,0,,4.4549790220211944,one_area
zAF--quEXsxrIDceOAAAzA,7,1,0.5714285714285714,1.0,0.0,3,0,,1.3120981639092335,one_area
zAHE7e-CDCVJo2TSYlxSXQ,7,1,0.0,1.0,0.0,7,0,,1.9061865481553948,one_area
zAv3O_apoDvS9tbGWv3DlA,12,1,0.4166666666666667,1.0,0.0,7,0,,2.7519296501346786,one_area
zBAqRls7-ODf8JC9KEPrvQ,54,1,0.0,1.0,0.0,54,0,,6.334124811417541,one_area
zBsAh1NiDw9lPfYMRFZgVA,6,1,0.16666666666666666,1.0,0.0,5,0,,1.8624049231893398,one_area
zGCkAfV6LxGgdsBVJGhq2Q,5,0,1.0,0.0,0.0,0,0,,,explorer
zL_pWFM3lkVkWjAydk2oxA,5,0,1.0,0.0,0.0,0,0,,,explorer
zM6JbV30m_wMspAlzXafog,6,1,0.0,1.0,0.0,6,0,,0.6640554712628726,one_area
zV0ujEgvsCGoPsTwuur8cg,9,1,0.1111111111111111,1.0,0.0,8,0,,2.3456756197545143,one_area
zXLtePKW9Gv07avI3ST93w,8,2,0.0,0.625,0.375,5,3,2002.466935019292,3.2439817485007207,explorer
zYikFTtJpwPUSHkIweunHQ,8,1,0.0,1.0,0.0,8,0,,1.865111442504114,one_area
zZrb6PhlsLD3L5WcZ-c0Tg,27,1,0.2222222222222222,1.0,0.0,21,0,,1.7626656713176723,one_area
z_j5j0IwcjwlzBxHrcTQAw,7,1,0.2857142857142857,1.0,0.0,5,0,,0.4703175316865805,one_area
za-mhBnShYZ7FDhuE1k0Ew,6,1,0.16666666666666666,1.0,0.0,5,0,,0.38835252560050937,one_area
zburgin1HAiVGMRYtOQB1g,8,2,0.0,0.5,0.5,4,4,14.857811803903129,0.6593684873670024,explorer
zgxCCHJPYpdH-otHSwlsQA,9,1,0.6666666666666666,1.0,0.0,3,0,,1.3800439982641926,one_area
ziB_bQFM0Hdp8j4dkdHkyQ,27,3,0.07407407407407407,0.68,0.2,17,5,10.260558769461861,5.873773296317038,explorer
zp0Cq6Nvd-GsAatehXwjKw,5,0,1.0,0.0,0.0,0,0,,,explorer
zr9PstOo-1m5da1TdXxESA,7,1,0.14285714285714285,1.0,0.0,6,0,,2.2688293023651003,one_area
zrkXhlOzlVF1yUoN6xNR8w,5,1,0.4,1.0,0.0,3,0,,3.6950153086693525,one_area
